--
-- PostgreSQL database cluster dump
--

SET default_transaction_read_only = off;

SET client_encoding = 'UTF8';
SET standard_conforming_strings = on;

--
-- Roles
--

CREATE ROLE admin;
ALTER ROLE admin WITH SUPERUSER INHERIT CREATEROLE CREATEDB LOGIN REPLICATION BYPASSRLS PASSWORD 'SCRAM-SHA-256$4096:fV5BU5mGCtOWYKobrULF8A==$d/8OIxVZTYFRRhcMfC2o+dCQXraas6pXcc0wXkAs/Lg=:mTf4EIk2GrfBwRVMBmk2+HaZKQZoCWwSrJq1zhaUw8g=';

--
-- User Configurations
--








--
-- Databases
--

--
-- Database "template1" dump
--

\connect template1

--
-- PostgreSQL database dump
--

-- Dumped from database version 15.3 (Debian 15.3-1.pgdg120+1)
-- Dumped by pg_dump version 15.3 (Debian 15.3-1.pgdg120+1)

SET statement_timeout = 0;
SET lock_timeout = 0;
SET idle_in_transaction_session_timeout = 0;
SET client_encoding = 'UTF8';
SET standard_conforming_strings = on;
SELECT pg_catalog.set_config('search_path', '', false);
SET check_function_bodies = false;
SET xmloption = content;
SET client_min_messages = warning;
SET row_security = off;

--
-- PostgreSQL database dump complete
--

--
-- Database "admin" dump
--

--
-- PostgreSQL database dump
--

-- Dumped from database version 15.3 (Debian 15.3-1.pgdg120+1)
-- Dumped by pg_dump version 15.3 (Debian 15.3-1.pgdg120+1)

SET statement_timeout = 0;
SET lock_timeout = 0;
SET idle_in_transaction_session_timeout = 0;
SET client_encoding = 'UTF8';
SET standard_conforming_strings = on;
SELECT pg_catalog.set_config('search_path', '', false);
SET check_function_bodies = false;
SET xmloption = content;
SET client_min_messages = warning;
SET row_security = off;

--
-- Name: admin; Type: DATABASE; Schema: -; Owner: admin
--

CREATE DATABASE admin WITH TEMPLATE = template0 ENCODING = 'UTF8' LOCALE_PROVIDER = libc LOCALE = 'en_US.utf8';


ALTER DATABASE admin OWNER TO admin;

\connect admin

SET statement_timeout = 0;
SET lock_timeout = 0;
SET idle_in_transaction_session_timeout = 0;
SET client_encoding = 'UTF8';
SET standard_conforming_strings = on;
SELECT pg_catalog.set_config('search_path', '', false);
SET check_function_bodies = false;
SET xmloption = content;
SET client_min_messages = warning;
SET row_security = off;

--
-- PostgreSQL database dump complete
--

--
-- Database "little_lemon" dump
--

--
-- PostgreSQL database dump
--

-- Dumped from database version 15.3 (Debian 15.3-1.pgdg120+1)
-- Dumped by pg_dump version 15.3 (Debian 15.3-1.pgdg120+1)

SET statement_timeout = 0;
SET lock_timeout = 0;
SET idle_in_transaction_session_timeout = 0;
SET client_encoding = 'UTF8';
SET standard_conforming_strings = on;
SELECT pg_catalog.set_config('search_path', '', false);
SET check_function_bodies = false;
SET xmloption = content;
SET client_min_messages = warning;
SET row_security = off;

--
-- Name: little_lemon; Type: DATABASE; Schema: -; Owner: admin
--

CREATE DATABASE little_lemon WITH TEMPLATE = template0 ENCODING = 'UTF8' LOCALE_PROVIDER = libc LOCALE = 'en_US.utf8';


ALTER DATABASE little_lemon OWNER TO admin;

\connect little_lemon

SET statement_timeout = 0;
SET lock_timeout = 0;
SET idle_in_transaction_session_timeout = 0;
SET client_encoding = 'UTF8';
SET standard_conforming_strings = on;
SELECT pg_catalog.set_config('search_path', '', false);
SET check_function_bodies = false;
SET xmloption = content;
SET client_min_messages = warning;
SET row_security = off;

SET default_tablespace = '';

SET default_table_access_method = heap;

--
-- Name: API_cart; Type: TABLE; Schema: public; Owner: admin
--

CREATE TABLE public."API_cart" (
    id bigint NOT NULL,
    quantity smallint NOT NULL,
    unit_price numeric(6,2) NOT NULL,
    price numeric(6,2),
    menuitems_id bigint NOT NULL,
    user_id integer NOT NULL
);


ALTER TABLE public."API_cart" OWNER TO admin;

--
-- Name: API_cart_id_seq; Type: SEQUENCE; Schema: public; Owner: admin
--

ALTER TABLE public."API_cart" ALTER COLUMN id ADD GENERATED BY DEFAULT AS IDENTITY (
    SEQUENCE NAME public."API_cart_id_seq"
    START WITH 1
    INCREMENT BY 1
    NO MINVALUE
    NO MAXVALUE
    CACHE 1
);


--
-- Name: API_orderitem; Type: TABLE; Schema: public; Owner: admin
--

CREATE TABLE public."API_orderitem" (
    id bigint NOT NULL,
    quantity smallint NOT NULL,
    unit_price numeric(6,2) NOT NULL,
    price numeric(6,2) NOT NULL,
    menuitem_id bigint NOT NULL,
    order_id integer NOT NULL
);


ALTER TABLE public."API_orderitem" OWNER TO admin;

--
-- Name: API_orderitem_id_seq; Type: SEQUENCE; Schema: public; Owner: admin
--

ALTER TABLE public."API_orderitem" ALTER COLUMN id ADD GENERATED BY DEFAULT AS IDENTITY (
    SEQUENCE NAME public."API_orderitem_id_seq"
    START WITH 1
    INCREMENT BY 1
    NO MINVALUE
    NO MAXVALUE
    CACHE 1
);


--
-- Name: auth_group; Type: TABLE; Schema: public; Owner: admin
--

CREATE TABLE public.auth_group (
    id integer NOT NULL,
    name character varying(150) NOT NULL
);


ALTER TABLE public.auth_group OWNER TO admin;

--
-- Name: auth_group_id_seq; Type: SEQUENCE; Schema: public; Owner: admin
--

ALTER TABLE public.auth_group ALTER COLUMN id ADD GENERATED BY DEFAULT AS IDENTITY (
    SEQUENCE NAME public.auth_group_id_seq
    START WITH 1
    INCREMENT BY 1
    NO MINVALUE
    NO MAXVALUE
    CACHE 1
);


--
-- Name: auth_group_permissions; Type: TABLE; Schema: public; Owner: admin
--

CREATE TABLE public.auth_group_permissions (
    id bigint NOT NULL,
    group_id integer NOT NULL,
    permission_id integer NOT NULL
);


ALTER TABLE public.auth_group_permissions OWNER TO admin;

--
-- Name: auth_group_permissions_id_seq; Type: SEQUENCE; Schema: public; Owner: admin
--

ALTER TABLE public.auth_group_permissions ALTER COLUMN id ADD GENERATED BY DEFAULT AS IDENTITY (
    SEQUENCE NAME public.auth_group_permissions_id_seq
    START WITH 1
    INCREMENT BY 1
    NO MINVALUE
    NO MAXVALUE
    CACHE 1
);


--
-- Name: auth_permission; Type: TABLE; Schema: public; Owner: admin
--

CREATE TABLE public.auth_permission (
    id integer NOT NULL,
    name character varying(255) NOT NULL,
    content_type_id integer NOT NULL,
    codename character varying(100) NOT NULL
);


ALTER TABLE public.auth_permission OWNER TO admin;

--
-- Name: auth_permission_id_seq; Type: SEQUENCE; Schema: public; Owner: admin
--

ALTER TABLE public.auth_permission ALTER COLUMN id ADD GENERATED BY DEFAULT AS IDENTITY (
    SEQUENCE NAME public.auth_permission_id_seq
    START WITH 1
    INCREMENT BY 1
    NO MINVALUE
    NO MAXVALUE
    CACHE 1
);


--
-- Name: auth_user; Type: TABLE; Schema: public; Owner: admin
--

CREATE TABLE public.auth_user (
    id integer NOT NULL,
    password character varying(128) NOT NULL,
    last_login timestamp with time zone,
    is_superuser boolean NOT NULL,
    username character varying(150) NOT NULL,
    first_name character varying(150) NOT NULL,
    last_name character varying(150) NOT NULL,
    email character varying(254) NOT NULL,
    is_staff boolean NOT NULL,
    is_active boolean NOT NULL,
    date_joined timestamp with time zone NOT NULL
);


ALTER TABLE public.auth_user OWNER TO admin;

--
-- Name: auth_user_groups; Type: TABLE; Schema: public; Owner: admin
--

CREATE TABLE public.auth_user_groups (
    id bigint NOT NULL,
    user_id integer NOT NULL,
    group_id integer NOT NULL
);


ALTER TABLE public.auth_user_groups OWNER TO admin;

--
-- Name: auth_user_groups_id_seq; Type: SEQUENCE; Schema: public; Owner: admin
--

ALTER TABLE public.auth_user_groups ALTER COLUMN id ADD GENERATED BY DEFAULT AS IDENTITY (
    SEQUENCE NAME public.auth_user_groups_id_seq
    START WITH 1
    INCREMENT BY 1
    NO MINVALUE
    NO MAXVALUE
    CACHE 1
);


--
-- Name: auth_user_id_seq; Type: SEQUENCE; Schema: public; Owner: admin
--

ALTER TABLE public.auth_user ALTER COLUMN id ADD GENERATED BY DEFAULT AS IDENTITY (
    SEQUENCE NAME public.auth_user_id_seq
    START WITH 1
    INCREMENT BY 1
    NO MINVALUE
    NO MAXVALUE
    CACHE 1
);


--
-- Name: auth_user_user_permissions; Type: TABLE; Schema: public; Owner: admin
--

CREATE TABLE public.auth_user_user_permissions (
    id bigint NOT NULL,
    user_id integer NOT NULL,
    permission_id integer NOT NULL
);


ALTER TABLE public.auth_user_user_permissions OWNER TO admin;

--
-- Name: auth_user_user_permissions_id_seq; Type: SEQUENCE; Schema: public; Owner: admin
--

ALTER TABLE public.auth_user_user_permissions ALTER COLUMN id ADD GENERATED BY DEFAULT AS IDENTITY (
    SEQUENCE NAME public.auth_user_user_permissions_id_seq
    START WITH 1
    INCREMENT BY 1
    NO MINVALUE
    NO MAXVALUE
    CACHE 1
);


--
-- Name: authtoken_token; Type: TABLE; Schema: public; Owner: admin
--

CREATE TABLE public.authtoken_token (
    key character varying(40) NOT NULL,
    created timestamp with time zone NOT NULL,
    user_id integer NOT NULL
);


ALTER TABLE public.authtoken_token OWNER TO admin;

--
-- Name: django_admin_log; Type: TABLE; Schema: public; Owner: admin
--

CREATE TABLE public.django_admin_log (
    id integer NOT NULL,
    action_time timestamp with time zone NOT NULL,
    object_id text,
    object_repr character varying(200) NOT NULL,
    action_flag smallint NOT NULL,
    change_message text NOT NULL,
    content_type_id integer,
    user_id integer NOT NULL,
    CONSTRAINT django_admin_log_action_flag_check CHECK ((action_flag >= 0))
);


ALTER TABLE public.django_admin_log OWNER TO admin;

--
-- Name: django_admin_log_id_seq; Type: SEQUENCE; Schema: public; Owner: admin
--

ALTER TABLE public.django_admin_log ALTER COLUMN id ADD GENERATED BY DEFAULT AS IDENTITY (
    SEQUENCE NAME public.django_admin_log_id_seq
    START WITH 1
    INCREMENT BY 1
    NO MINVALUE
    NO MAXVALUE
    CACHE 1
);


--
-- Name: django_content_type; Type: TABLE; Schema: public; Owner: admin
--

CREATE TABLE public.django_content_type (
    id integer NOT NULL,
    app_label character varying(100) NOT NULL,
    model character varying(100) NOT NULL
);


ALTER TABLE public.django_content_type OWNER TO admin;

--
-- Name: django_content_type_id_seq; Type: SEQUENCE; Schema: public; Owner: admin
--

ALTER TABLE public.django_content_type ALTER COLUMN id ADD GENERATED BY DEFAULT AS IDENTITY (
    SEQUENCE NAME public.django_content_type_id_seq
    START WITH 1
    INCREMENT BY 1
    NO MINVALUE
    NO MAXVALUE
    CACHE 1
);


--
-- Name: django_migrations; Type: TABLE; Schema: public; Owner: admin
--

CREATE TABLE public.django_migrations (
    id bigint NOT NULL,
    app character varying(255) NOT NULL,
    name character varying(255) NOT NULL,
    applied timestamp with time zone NOT NULL
);


ALTER TABLE public.django_migrations OWNER TO admin;

--
-- Name: django_migrations_id_seq; Type: SEQUENCE; Schema: public; Owner: admin
--

ALTER TABLE public.django_migrations ALTER COLUMN id ADD GENERATED BY DEFAULT AS IDENTITY (
    SEQUENCE NAME public.django_migrations_id_seq
    START WITH 1
    INCREMENT BY 1
    NO MINVALUE
    NO MAXVALUE
    CACHE 1
);


--
-- Name: django_session; Type: TABLE; Schema: public; Owner: admin
--

CREATE TABLE public.django_session (
    session_key character varying(40) NOT NULL,
    session_data text NOT NULL,
    expire_date timestamp with time zone NOT NULL
);


ALTER TABLE public.django_session OWNER TO admin;

--
-- Name: menu_catagory; Type: TABLE; Schema: public; Owner: admin
--

CREATE TABLE public.menu_catagory (
    id bigint NOT NULL,
    title character varying(255) NOT NULL
);


ALTER TABLE public.menu_catagory OWNER TO admin;

--
-- Name: menu_catagory_id_seq; Type: SEQUENCE; Schema: public; Owner: admin
--

ALTER TABLE public.menu_catagory ALTER COLUMN id ADD GENERATED BY DEFAULT AS IDENTITY (
    SEQUENCE NAME public.menu_catagory_id_seq
    START WITH 1
    INCREMENT BY 1
    NO MINVALUE
    NO MAXVALUE
    CACHE 1
);


--
-- Name: menu_items; Type: TABLE; Schema: public; Owner: admin
--

CREATE TABLE public.menu_items (
    id bigint NOT NULL,
    title character varying(255) NOT NULL,
    price numeric(6,2) NOT NULL,
    featured boolean NOT NULL,
    category_id bigint NOT NULL
);


ALTER TABLE public.menu_items OWNER TO admin;

--
-- Name: menu_items_id_seq; Type: SEQUENCE; Schema: public; Owner: admin
--

ALTER TABLE public.menu_items ALTER COLUMN id ADD GENERATED BY DEFAULT AS IDENTITY (
    SEQUENCE NAME public.menu_items_id_seq
    START WITH 1
    INCREMENT BY 1
    NO MINVALUE
    NO MAXVALUE
    CACHE 1
);


--
-- Name: orders; Type: TABLE; Schema: public; Owner: admin
--

CREATE TABLE public.orders (
    id bigint NOT NULL,
    status boolean NOT NULL,
    total numeric(6,2) NOT NULL,
    date date NOT NULL,
    price numeric(6,2),
    delivery_crew_id integer,
    user_id integer NOT NULL
);


ALTER TABLE public.orders OWNER TO admin;

--
-- Name: orders_id_seq; Type: SEQUENCE; Schema: public; Owner: admin
--

ALTER TABLE public.orders ALTER COLUMN id ADD GENERATED BY DEFAULT AS IDENTITY (
    SEQUENCE NAME public.orders_id_seq
    START WITH 1
    INCREMENT BY 1
    NO MINVALUE
    NO MAXVALUE
    CACHE 1
);


--
-- Data for Name: API_cart; Type: TABLE DATA; Schema: public; Owner: admin
--

COPY public."API_cart" (id, quantity, unit_price, price, menuitems_id, user_id) FROM stdin;
\.


--
-- Data for Name: API_orderitem; Type: TABLE DATA; Schema: public; Owner: admin
--

COPY public."API_orderitem" (id, quantity, unit_price, price, menuitem_id, order_id) FROM stdin;
\.


--
-- Data for Name: auth_group; Type: TABLE DATA; Schema: public; Owner: admin
--

COPY public.auth_group (id, name) FROM stdin;
2	Delivery Crew
1	Manager
\.


--
-- Data for Name: auth_group_permissions; Type: TABLE DATA; Schema: public; Owner: admin
--

COPY public.auth_group_permissions (id, group_id, permission_id) FROM stdin;
25	1	32
26	1	29
27	1	30
28	1	31
\.


--
-- Data for Name: auth_permission; Type: TABLE DATA; Schema: public; Owner: admin
--

COPY public.auth_permission (id, name, content_type_id, codename) FROM stdin;
1	Can add log entry	1	add_logentry
2	Can change log entry	1	change_logentry
3	Can delete log entry	1	delete_logentry
4	Can view log entry	1	view_logentry
5	Can add permission	2	add_permission
6	Can change permission	2	change_permission
7	Can delete permission	2	delete_permission
8	Can view permission	2	view_permission
9	Can add group	3	add_group
10	Can change group	3	change_group
11	Can delete group	3	delete_group
12	Can view group	3	view_group
13	Can add user	4	add_user
14	Can change user	4	change_user
15	Can delete user	4	delete_user
16	Can view user	4	view_user
17	Can add content type	5	add_contenttype
18	Can change content type	5	change_contenttype
19	Can delete content type	5	delete_contenttype
20	Can view content type	5	view_contenttype
21	Can add session	6	add_session
22	Can change session	6	change_session
23	Can delete session	6	delete_session
24	Can view session	6	view_session
25	Can add category	7	add_category
26	Can change category	7	change_category
27	Can delete category	7	delete_category
28	Can view category	7	view_category
29	Can add menu item	8	add_menuitems
30	Can change menu item	8	change_menuitems
31	Can delete menu item	8	delete_menuitems
32	Can view menu item	8	view_menuitems
33	Can add order item	9	add_orderitem
34	Can change order item	9	change_orderitem
35	Can delete order item	9	delete_orderitem
36	Can view order item	9	view_orderitem
37	Can add order	10	add_order
38	Can change order	10	change_order
39	Can delete order	10	delete_order
40	Can view order	10	view_order
41	Can add cart	11	add_cart
42	Can change cart	11	change_cart
43	Can delete cart	11	delete_cart
44	Can view cart	11	view_cart
45	Can add Token	12	add_token
46	Can change Token	12	change_token
47	Can delete Token	12	delete_token
48	Can view Token	12	view_token
49	Can add token	13	add_tokenproxy
50	Can change token	13	change_tokenproxy
51	Can delete token	13	delete_tokenproxy
52	Can view token	13	view_tokenproxy
\.


--
-- Data for Name: auth_user; Type: TABLE DATA; Schema: public; Owner: admin
--

COPY public.auth_user (id, password, last_login, is_superuser, username, first_name, last_name, email, is_staff, is_active, date_joined) FROM stdin;
337	9F92ozrw	\N	f	aandrichak5	Ana	Andrichak	aandrichak5@barnesandnoble.com	t	t	2022-04-30 09:00:20+00
339	4ytXIYlix	\N	f	ttamblingson7	Tymothy	Tamblingson	ttamblingson7@is.gd	t	t	2022-02-26 22:58:50+00
742	HcLUso	\N	f	fmichin0	Fidelity	Michin	fmichin0@gravatar.com	f	t	2021-11-30 02:32:21+00
743	Dewdl2SIIRQZ	\N	f	vheadford1	Victor	Headford	vheadford1@msn.com	f	t	2022-05-11 22:32:25+00
744	uAvGcFGVdVnk	\N	f	ccavan2	Chaim	Cavan	ccavan2@pagesperso-orange.fr	f	t	2022-06-25 03:07:42+00
745	KQ3LcgvL	\N	f	bmccaskill3	Bobbie	McCaskill	bmccaskill3@oaic.gov.au	f	t	2022-01-28 20:10:48+00
746	dtmCjy	\N	f	ihazell4	Ingeberg	Hazell	ihazell4@privacy.gov.au	f	t	2022-11-28 02:22:29+00
747	A7woS1qjycWI	\N	f	dtottman5	Deanna	Tottman	dtottman5@cornell.edu	f	t	2023-01-29 13:15:11+00
748	GQOgTK	\N	f	dinglesfield6	Dela	Inglesfield	dinglesfield6@marriott.com	f	t	2022-06-01 00:52:28+00
749	sSeNeZliFV	\N	f	rcorradino7	Rhetta	Corradino	rcorradino7@blogspot.com	f	t	2023-01-16 03:36:56+00
750	p7WoClrTaX	\N	f	bbatman8	Bendicty	Batman	bbatman8@yolasite.com	f	t	2023-01-29 20:27:09+00
751	wn2EkKBZkGH	\N	f	keyckel9	Katey	Eyckel	keyckel9@shareasale.com	f	t	2022-04-22 01:41:45+00
752	dZHoBT9	\N	f	veardleya	Victor	Eardley	veardleya@indiatimes.com	f	t	2022-01-28 03:57:24+00
753	RQg27JCEn	\N	f	mcolbridgeb	Marcelle	Colbridge	mcolbridgeb@4shared.com	f	t	2021-12-25 12:53:44+00
754	MG0LgZUO	\N	f	nwestallc	Nance	Westall	nwestallc@about.me	f	t	2022-03-04 02:51:02+00
755	OY6UDcJ	\N	f	mambroisind	Marv	Ambroisin	mambroisind@noaa.gov	f	t	2022-03-01 14:29:45+00
756	N0180q	\N	f	ajancare	Aurthur	Jancar	ajancare@behance.net	f	t	2022-07-01 08:55:25+00
757	jRzN21StQ7Z2	\N	f	mgeeref	Mireille	Geere	mgeeref@yandex.ru	f	t	2022-12-15 07:25:14+00
758	QqXhE3g	\N	f	aperschkeg	Aube	Perschke	aperschkeg@linkedin.com	f	t	2022-09-11 20:49:02+00
759	T56uuOu6pgKZ	\N	f	cthickh	Creight	Thick	cthickh@sciencedirect.com	f	t	2022-11-21 00:58:31+00
760	IGysR9jpKwI	\N	f	ilodevicki	Isabella	Lodevick	ilodevicki@wufoo.com	f	t	2021-10-26 15:27:31+00
761	1lc3dkgiVbzz	\N	f	onajafianj	Ole	Najafian	onajafianj@free.fr	f	t	2022-06-11 22:22:26+00
762	URUsu0	\N	f	tpittk	Terry	Pitt	tpittk@163.com	f	t	2021-12-24 22:12:17+00
763	zHPo6mg	\N	f	rhalpinel	Rachele	Halpine	rhalpinel@mlb.com	f	t	2022-04-13 03:29:22+00
764	N8OZnG9	\N	f	ctunnickm	Chickie	Tunnick	ctunnickm@apache.org	f	t	2022-10-26 23:30:35+00
765	DoKAjVBPbyyN	\N	f	nrosebyn	Nessa	Roseby	nrosebyn@usatoday.com	f	t	2023-01-18 00:28:16+00
766	sRJSBidTG	\N	f	ngallieo	Nicolle	Gallie	ngallieo@360.cn	f	t	2022-05-14 01:53:29+00
767	Lo1E6P	\N	f	hmcruviep	Hebert	McRuvie	hmcruviep@admin.ch	f	t	2021-10-11 05:37:50+00
768	pN3zHo	\N	f	dsuggeq	Danyelle	Sugge	dsuggeq@boston.com	f	t	2022-10-14 04:43:39+00
769	PQ09TWt	\N	f	dgiacoppor	Danyette	Giacoppo	dgiacoppor@princeton.edu	f	t	2022-01-25 09:39:26+00
770	g1z9w8MatGN	\N	f	lcudbirds	Letty	Cudbird	lcudbirds@wordpress.org	f	t	2023-01-08 22:52:28+00
771	EQ8dNq	\N	f	jdelahuntyt	Jenifer	Delahunty	jdelahuntyt@ifeng.com	f	t	2022-03-17 09:13:59+00
772	dyDE1kalVa4g	\N	f	etiftu	Ernie	Tift	etiftu@ycombinator.com	f	t	2022-05-01 15:36:50+00
773	EUYHmpGVAru	\N	f	cleschellev	Casar	Leschelle	cleschellev@opensource.org	f	t	2022-01-31 09:15:53+00
774	vKZftQh5	\N	f	syanyshevw	Sonya	Yanyshev	syanyshevw@livejournal.com	f	t	2022-11-04 07:08:16+00
775	w7eOzUZFAPih	\N	f	dheinonenx	Dorena	Heinonen	dheinonenx@whitehouse.gov	f	t	2022-08-30 12:49:48+00
776	xwb06n99	\N	f	klunbechy	Kirsten	Lunbech	klunbechy@feedburner.com	f	t	2022-10-13 02:55:53+00
777	kjAeelmB	\N	f	edammarellz	Elia	Dammarell	edammarellz@intel.com	f	t	2022-01-03 18:17:32+00
778	oIF8GjhjzXml	\N	f	prucklidge10	Patsy	Rucklidge	prucklidge10@ebay.com	f	t	2023-01-25 13:04:59+00
779	uNtamuYp	\N	f	ewilmot11	Ethelred	Wilmot	ewilmot11@nytimes.com	f	t	2022-09-20 00:19:31+00
780	XkzUsBdLE9OO	\N	f	hdonnelly12	Hazel	Donnelly	hdonnelly12@vinaora.com	f	t	2022-05-04 12:11:15+00
781	prqyvUJ	\N	f	cricardot13	Claresta	Ricardot	cricardot13@msu.edu	f	t	2022-01-01 12:26:40+00
782	rQJB9a	\N	f	cgabel14	Cheslie	Gabel	cgabel14@trellian.com	f	t	2021-10-15 08:03:15+00
783	NRpUzL	\N	f	ccorzon15	Chevy	Corzon	ccorzon15@phpbb.com	f	t	2022-01-27 02:35:45+00
784	o4DeGj5SLNNX	\N	f	cbrekonridge16	Culley	Brekonridge	cbrekonridge16@princeton.edu	f	t	2022-03-19 06:47:37+00
786	CmIaqOsx48wb	\N	f	adanilchev18	Allayne	Danilchev	adanilchev18@apache.org	f	t	2022-04-07 11:28:08+00
787	JgAnvBX	\N	f	flimming19	Felisha	Limming	flimming19@biblegateway.com	f	t	2022-07-16 22:40:07+00
788	HsUv58pX	\N	f	cperrottet1a	Corilla	Perrottet	cperrottet1a@disqus.com	f	t	2022-04-15 23:15:04+00
789	wBT8AeQB	\N	f	klusgdin1b	Kristo	Lusgdin	klusgdin1b@scientificamerican.com	f	t	2022-01-09 05:46:08+00
790	JwQpKi	\N	f	fgodar1c	Frederic	Godar	fgodar1c@techcrunch.com	f	t	2022-11-05 12:49:27+00
791	z2I5lqZrpEK	\N	f	mbestman1d	Morena	Bestman	mbestman1d@comcast.net	f	t	2021-10-27 17:44:03+00
792	3tZX8vvbkXyR	\N	f	hlanda1e	Hubie	Landa	hlanda1e@tripadvisor.com	f	t	2022-04-12 07:02:26+00
793	6lVnT1LAOZE	\N	f	rdoodney1f	Randi	Doodney	rdoodney1f@meetup.com	f	t	2022-09-27 10:17:18+00
794	qpfgqI3	\N	f	epetre1g	Elsie	Petre	epetre1g@sohu.com	f	t	2022-11-07 16:36:12+00
795	hvHxUJzf1XG	\N	f	palderwick1h	Pattin	Alderwick	palderwick1h@barnesandnoble.com	f	t	2021-10-05 00:22:26+00
796	7XyEjIQ8	\N	f	bgorsse1i	Bernadene	Gorsse	bgorsse1i@cocolog-nifty.com	f	t	2022-08-06 06:16:19+00
797	Jqvm63C	\N	f	jschottli1j	Jessie	Schottli	jschottli1j@dyndns.org	f	t	2022-01-05 09:35:23+00
798	mYSAM9	\N	f	odavio1k	Ofilia	Davio	odavio1k@senate.gov	f	t	2022-07-09 09:48:37+00
799	bnRtNZA	\N	f	chathaway1l	Chrissy	Hathaway	chathaway1l@weather.com	f	t	2022-05-23 00:08:28+00
800	kZPemVCNXyJ	\N	f	vmeekins1m	Vivyan	Meekins	vmeekins1m@reddit.com	f	t	2022-11-08 15:02:37+00
801	8VPAj7syNHM	\N	f	bellesworthe1n	Blondy	Ellesworthe	bellesworthe1n@dropbox.com	f	t	2021-12-06 08:54:26+00
338	e3HDLR	\N	f	alehrahan6	Abdel	Lehrahan	alehrahan6@google.co.jp	t	t	2022-02-10 12:52:34+00
336	G5l4jZj	\N	f	cwymer4	Calypso	Wymer	cwymer4@mail.ru	t	t	2022-02-18 20:36:12+00
334	g05ISwNSJSzL	\N	f	emyles2	Eugen	Myles	emyles2@shutterfly.com	t	t	2022-04-16 22:28:34+00
341	2mpnAkgg8Yl	\N	f	epentony9	Estrellita	Pentony	epentony9@bandcamp.com	t	t	2022-04-07 14:31:59+00
332	OYIc8UGq8	\N	f	jkondrachenko0	Jakie	Kondrachenko	jkondrachenko0@myspace.com	t	t	2022-03-09 02:44:15+00
333	Um32SW7rHKvZ	\N	f	mschnieder1	Michele	Schnieder	mschnieder1@shareasale.com	t	t	2021-12-31 09:21:33+00
340	Ncl4iA	\N	f	vmcgunley8	Virgilio	McGunley	vmcgunley8@trellian.com	t	t	2022-01-04 18:52:22+00
785	pbkdf2_sha256$600000$SzAjdXp9sGBF6yr8E4Vj1T$EHeNcVjuYU/TVvFbDDytlq4sf1ir7hS2AcjEUHqQpW8=	2023-07-28 10:42:21.074546+00	f	anunson17	Aarika	Nunson	anunson17@phoca.cz	f	t	2023-01-24 05:24:39+00
802	Gff5or	\N	f	lbigley1o	Liane	Bigley	lbigley1o@auda.org.au	f	t	2023-01-01 23:22:54+00
803	wVL1w04xK	\N	f	sbillitteri1p	Sallee	Billitteri	sbillitteri1p@columbia.edu	f	t	2021-12-13 20:10:15+00
804	bXLYN1KA5rgm	\N	f	bburdge1q	Braden	Burdge	bburdge1q@quantcast.com	f	t	2022-12-22 20:42:32+00
805	huie3O	\N	f	bwelland1r	Bogey	Welland	bwelland1r@hugedomains.com	f	t	2022-08-26 01:29:32+00
806	BbG9z3z	\N	f	civison1s	Cathy	Ivison	civison1s@comsenz.com	f	t	2022-06-28 18:57:18+00
807	3dGF7VR2Q	\N	f	nfiddyment1t	Nara	Fiddyment	nfiddyment1t@archive.org	f	t	2022-01-23 05:46:49+00
808	KCd0iZt1Hy	\N	f	rmacdonald1u	Rosmunda	MacDonald	rmacdonald1u@hugedomains.com	f	t	2022-03-20 22:52:32+00
809	H3CHSv2w	\N	f	bstienton1v	Bayard	Stienton	bstienton1v@ebay.co.uk	f	t	2022-05-14 13:58:30+00
810	H9py8gsMs6	\N	f	eblatcher1w	Emalee	Blatcher	eblatcher1w@paypal.com	f	t	2021-10-30 15:01:43+00
811	w0bvzy6WvqyB	\N	f	psharrier1x	Phillie	Sharrier	psharrier1x@nbcnews.com	f	t	2022-11-12 08:03:55+00
812	OYMOpdp	\N	f	dixor1y	Darci	Ixor	dixor1y@printfriendly.com	f	t	2022-05-14 22:52:09+00
813	G8xjvQ	\N	f	vsmorthwaite1z	Vivianna	Smorthwaite	vsmorthwaite1z@pbs.org	f	t	2022-12-24 09:37:12+00
814	dGcz245	\N	f	kcuffley20	Kimberli	Cuffley	kcuffley20@issuu.com	f	t	2022-01-22 05:07:12+00
815	25Xa600Qr4	\N	f	awestbury21	Annecorinne	Westbury	awestbury21@chronoengine.com	f	t	2022-09-30 05:16:04+00
816	L4ZkBH4V	\N	f	gcribbin22	Gail	Cribbin	gcribbin22@abc.net.au	f	t	2022-02-02 05:44:33+00
817	it4GeeaCx62F	\N	f	nfeatherbie23	Noell	Featherbie	nfeatherbie23@i2i.jp	f	t	2021-10-29 13:48:45+00
818	uU2f2z	\N	f	kpereira24	Kaylil	Pereira	kpereira24@spiegel.de	f	t	2023-02-13 18:01:18+00
819	20WrbSS	\N	f	wenga25	Welbie	Enga	wenga25@desdev.cn	f	t	2022-06-20 08:52:17+00
820	krjmSxb0L	\N	f	lsegar26	Lucian	Segar	lsegar26@moonfruit.com	f	t	2022-02-22 18:18:27+00
821	0ZDoGjqXka	\N	f	kladbury27	Kimbra	Ladbury	kladbury27@paypal.com	f	t	2022-06-18 23:27:16+00
822	iIik1vzuB	\N	f	fbasham28	Fred	Basham	fbasham28@bizjournals.com	f	t	2022-10-03 10:23:30+00
823	i9sMcIqd0Oq	\N	f	rnichols29	Reider	Nichols	rnichols29@wikia.com	f	t	2022-06-11 10:18:52+00
824	51JOCrE	\N	f	drogerson2a	Dorey	Rogerson	drogerson2a@wikimedia.org	f	t	2021-11-18 00:52:18+00
825	kUglUiR	\N	f	hcathel2b	Hoyt	Cathel	hcathel2b@a8.net	f	t	2022-04-22 12:37:33+00
826	3L7U6siZ	\N	f	rtreby2c	Rowe	Treby	rtreby2c@sogou.com	f	t	2022-05-23 08:27:56+00
827	tImseK4	\N	f	sredler2d	Stormie	Redler	sredler2d@cpanel.net	f	t	2022-06-28 21:54:25+00
828	iSnguCs	\N	f	bmelton2e	Blinny	Melton	bmelton2e@bbc.co.uk	f	t	2023-01-08 23:33:56+00
829	lrM8qPrQ8kfy	\N	f	sjarrett2f	Salomone	Jarrett	sjarrett2f@un.org	f	t	2021-10-14 16:38:38+00
830	UkHeCwEEy	\N	f	rziemke2g	Rheta	Ziemke	rziemke2g@webnode.com	f	t	2022-01-14 07:50:32+00
831	dQhaTHmCUe	\N	f	cvanthoog2h	Carlina	Van T'Hoog	cvanthoog2h@yellowpages.com	f	t	2022-10-22 10:30:06+00
832	vIfaPCLE2	\N	f	vgiottini2i	Vanessa	Giottini	vgiottini2i@hexun.com	f	t	2022-05-19 15:30:50+00
833	4TBQab	\N	f	qgatherell2j	Quincey	Gatherell	qgatherell2j@friendfeed.com	f	t	2022-06-22 00:52:31+00
834	lmVy9KIbZkP	\N	f	ebruckent2k	Erma	Bruckent	ebruckent2k@blogspot.com	f	t	2023-01-26 15:08:58+00
835	6V5ZNIb	\N	f	aproudley2l	Alford	Proudley	aproudley2l@deliciousdays.com	f	t	2021-12-06 12:52:27+00
836	irOFMXrsr5z8	\N	f	bballard2m	Bren	Ballard	bballard2m@google.pl	f	t	2022-10-24 10:06:16+00
837	cilZXhNLj	\N	f	weiler2n	Wit	Eiler	weiler2n@oaic.gov.au	f	t	2022-11-24 12:05:29+00
838	jfECtuyTNX0	\N	f	ekantor2o	Eveleen	Kantor	ekantor2o@google.com	f	t	2022-02-11 01:28:46+00
839	dGKxTY7	\N	f	gstickler2p	Grata	Stickler	gstickler2p@hubpages.com	f	t	2022-06-26 17:43:36+00
840	teJWYv	\N	f	ddomnick2q	Doris	Domnick	ddomnick2q@topsy.com	f	t	2022-05-03 07:02:30+00
841	IQNEeS0JMXfV	\N	f	pbrushfield2r	Peta	Brushfield	pbrushfield2r@scribd.com	f	t	2022-05-27 04:47:22+00
847	pbkdf2_sha256$600000$PYi0WFeDJchNZDno9OkLIp$v1NCgFlPO56LlS7w0ez1vwOlLQh4nEUJvCZXnirh7L0=	2023-07-26 08:01:47.321807+00	f	terry.a.brooks56			openopen@gmail.com	f	t	2023-07-26 07:28:45.132909+00
335	pbkdf2_sha256$600000$EzhytJlIR4VfBZyouWg1Sa$B24kmsyoJd5cN/9AR9A8vNGTMM1lu77tF7d1nmW0nq4=	2023-07-28 10:42:33.356005+00	f	tenston3	Thor	Enston	tenston3@prlog.org	t	t	2022-04-11 17:49:19+00
843	pbkdf2_sha256$600000$Ag5fxGC2o3yrq2XcDkYUZJ$zmQ+AHFpuwDaO8Z/95vfFKEgKlNwoYkjdOXvevuUAj4=	2023-07-26 11:05:11+00	t	admin			TatMcTatterson@gmail.com	t	t	2023-07-26 00:56:49+00
844	pbkdf2_sha256$600000$fGu0ET2V2UyBPrLW60gVcX$kj+5pKTm36MpEUfKCW+6RtHnFTrXO5kKOh1VypNu6q8=	\N	f	WhatWhat			OpenOpenOpen@gmail.com	f	f	2023-07-26 01:00:27.374999+00
845	pbkdf2_sha256$600000$NThVZUAR7pW7LmKJXKOjKh$K9Z3IHwAl/BmvIH7roLPfPVgglIyi90O7u4EhHk0kZ8=	\N	f	terry.a.brooks			openopen@gmail.com	f	t	2023-07-26 01:29:28.690131+00
846	pbkdf2_sha256$600000$x7zjKp6z1nlmibJJNvT0on$GVroITynuckCdHvWR9Xq8uBjtNdkwoRikpCO9rLZvQk=	\N	f	terry.a.brooks55			openopen@gmail.com	f	t	2023-07-26 01:29:48.404559+00
842	pbkdf2_sha256$600000$3x1MULgnMQvh7VF6iGdk2U$xjpMLHHgARrlZHieO0CJ2YFyg8TLssYOfn0dHMz7CKA=	2023-07-26 00:48:31+00	t	terry.brooks			Terry@brooksjr.com	t	f	2023-07-26 00:48:20+00
1	pbkdf2_sha256$600000$8zlsGpA5esvZarGEBgemFV$vwJzkjxLjQsDZvMzJg1lxinghAowBW6jccDlomjSLZY=	2023-07-25 22:34:45+00	t	terry-brooksjr			Terry@brooksjr.com	t	f	2023-07-25 22:34:12+00
\.


--
-- Data for Name: auth_user_groups; Type: TABLE DATA; Schema: public; Owner: admin
--

COPY public.auth_user_groups (id, user_id, group_id) FROM stdin;
1	337	2
3	843	1
4	338	2
5	336	2
6	334	2
7	341	2
8	332	2
9	333	2
10	335	2
11	842	1
12	1	1
13	340	1
14	785	1
\.


--
-- Data for Name: auth_user_user_permissions; Type: TABLE DATA; Schema: public; Owner: admin
--

COPY public.auth_user_user_permissions (id, user_id, permission_id) FROM stdin;
\.


--
-- Data for Name: authtoken_token; Type: TABLE DATA; Schema: public; Owner: admin
--

COPY public.authtoken_token (key, created, user_id) FROM stdin;
fc982a4d92c989e1309828cb4edbabd0251a7ff9	2023-07-26 08:01:47.314951+00	847
c0bafbc03742c48fcdf5a12b7a8f1a18237f8176	2023-07-26 11:17:20.774478+00	335
01bdb6158cc970fdab85dd2edc377d7f45fa38e3	2023-07-26 11:30:00.062458+00	785
\.


--
-- Data for Name: django_admin_log; Type: TABLE DATA; Schema: public; Owner: admin
--

COPY public.django_admin_log (id, action_time, object_id, object_repr, action_flag, change_message, content_type_id, user_id) FROM stdin;
1	2023-07-26 00:57:39.68773+00	1	terry-brooksjr	2	[{"changed": {"fields": ["password"]}}]	4	843
2	2023-07-26 11:06:31.071741+00	1	Manager	1	[{"added": {}}]	3	843
3	2023-07-26 11:07:11.221379+00	2	Delivery Crew	1	[{"added": {}}]	3	843
4	2023-07-26 11:07:36.247795+00	1	Manager	2	[{"changed": {"fields": ["Permissions"]}}]	3	843
5	2023-07-26 11:08:08.48371+00	1	Manager	2	[{"changed": {"fields": ["Permissions"]}}]	3	843
6	2023-07-26 11:09:22.279726+00	337	aandrichak5	2	[{"changed": {"fields": ["Groups"]}}]	4	843
7	2023-07-26 11:09:30.43841+00	843	admin	2	[{"changed": {"fields": ["Groups"]}}]	4	843
8	2023-07-26 11:09:41.45902+00	843	admin	2	[{"changed": {"fields": ["Groups"]}}]	4	843
9	2023-07-26 11:09:49.495123+00	338	alehrahan6	2	[{"changed": {"fields": ["Groups"]}}]	4	843
10	2023-07-26 11:09:55.651134+00	336	cwymer4	2	[{"changed": {"fields": ["Groups"]}}]	4	843
11	2023-07-26 11:10:02.777714+00	334	emyles2	2	[{"changed": {"fields": ["Groups"]}}]	4	843
12	2023-07-26 11:10:17.600851+00	341	epentony9	2	[{"changed": {"fields": ["Groups"]}}]	4	843
13	2023-07-26 11:10:23.982697+00	332	jkondrachenko0	2	[{"changed": {"fields": ["Groups"]}}]	4	843
14	2023-07-26 11:10:30.295462+00	333	mschnieder1	2	[{"changed": {"fields": ["Groups"]}}]	4	843
15	2023-07-26 11:10:36.705074+00	335	tenston3	2	[{"changed": {"fields": ["Groups"]}}]	4	843
16	2023-07-26 11:10:45.233842+00	842	terry.brooks	2	[{"changed": {"fields": ["Groups"]}}]	4	843
17	2023-07-26 11:10:50.95535+00	842	terry.brooks	2	[]	4	843
18	2023-07-26 11:11:00.288423+00	1	terry-brooksjr	2	[{"changed": {"fields": ["Groups"]}}]	4	843
19	2023-07-26 11:11:05.395325+00	340	vmcgunley8	2	[{"changed": {"fields": ["Groups"]}}]	4	843
20	2023-07-26 11:16:26.286795+00	335	tenston3	2	[{"changed": {"fields": ["password"]}}]	4	843
21	2023-07-26 11:27:53.296131+00	785	anunson17	2	[{"changed": {"fields": ["password"]}}]	4	843
22	2023-07-27 22:33:36.701926+00	785	anunson17	2	[{"changed": {"fields": ["Groups"]}}]	4	843
\.


--
-- Data for Name: django_content_type; Type: TABLE DATA; Schema: public; Owner: admin
--

COPY public.django_content_type (id, app_label, model) FROM stdin;
1	admin	logentry
2	auth	permission
3	auth	group
4	auth	user
5	contenttypes	contenttype
6	sessions	session
7	API	category
8	API	menuitems
9	API	orderitem
10	API	order
11	API	cart
12	authtoken	token
13	authtoken	tokenproxy
\.


--
-- Data for Name: django_migrations; Type: TABLE DATA; Schema: public; Owner: admin
--

COPY public.django_migrations (id, app, name, applied) FROM stdin;
1	contenttypes	0001_initial	2023-07-25 22:31:22.73805+00
2	auth	0001_initial	2023-07-25 22:31:22.79122+00
3	API	0001_initial	2023-07-25 22:31:22.844452+00
4	admin	0001_initial	2023-07-25 22:31:22.859436+00
5	admin	0002_logentry_remove_auto_add	2023-07-25 22:31:22.865274+00
6	admin	0003_logentry_add_action_flag_choices	2023-07-25 22:31:22.872465+00
7	contenttypes	0002_remove_content_type_name	2023-07-25 22:31:22.88343+00
8	auth	0002_alter_permission_name_max_length	2023-07-25 22:31:22.890503+00
9	auth	0003_alter_user_email_max_length	2023-07-25 22:31:22.897407+00
10	auth	0004_alter_user_username_opts	2023-07-25 22:31:22.903494+00
11	auth	0005_alter_user_last_login_null	2023-07-25 22:31:22.909974+00
12	auth	0006_require_contenttypes_0002	2023-07-25 22:31:22.912777+00
13	auth	0007_alter_validators_add_error_messages	2023-07-25 22:31:22.920747+00
14	auth	0008_alter_user_username_max_length	2023-07-25 22:31:22.9294+00
15	auth	0009_alter_user_last_name_max_length	2023-07-25 22:31:22.936164+00
16	auth	0010_alter_group_name_max_length	2023-07-25 22:31:22.944066+00
17	auth	0011_update_proxy_permissions	2023-07-25 22:31:22.950427+00
18	auth	0012_alter_user_first_name_max_length	2023-07-25 22:31:22.957139+00
19	authtoken	0001_initial	2023-07-25 22:31:22.970265+00
20	authtoken	0002_auto_20160226_1747	2023-07-25 22:31:22.987296+00
21	authtoken	0003_tokenproxy	2023-07-25 22:31:22.991101+00
22	sessions	0001_initial	2023-07-25 22:31:23.000175+00
23	API	0002_remove_category_slug_alter_category_title	2023-07-29 03:45:37.877589+00
\.


--
-- Data for Name: django_session; Type: TABLE DATA; Schema: public; Owner: admin
--

COPY public.django_session (session_key, session_data, expire_date) FROM stdin;
r4f7wcrqkgr6q5bvgzo7qbcon34d7t73	.eJxVjEEOwiAQRe_C2hDaAQZcuu8ZyDCgVA0kpV0Z765NutDtf-_9lwi0rSVsPS9hTuIsnAZx-l0j8SPXHaU71VuT3Oq6zFHuijxol1NL-Xk53L-DQr186xGZNSJFAuMMeGc4IinPyhmD1hMwJKVtwmgHDT6DJUZ3ZU16pIHF-wMdJjfl:1qOSqR:c3qyEmnEQtiAXG34FuOjlodHfOGKSciQDnyDAsJq1gU	2023-08-09 00:57:39.698997+00
22li07zovgovg5gatfprsfz1tt44dcdg	.eJxVjEEOwiAQRe_C2hDaAQZcuu8ZyDCgVA0kpV0Z765NutDtf-_9lwi0rSVsPS9hTuIsnAZx-l0j8SPXHaU71VuT3Oq6zFHuijxol1NL-Xk53L-DQr186xGZNSJFAuMMeGc4IinPyhmD1hMwJKVtwmgHDT6DJUZ3ZU16pIHF-wMdJjfl:1qOcgL:RCEn0iFTAelly_NJK99lBmCH-6_XP2panWnsTCcF6xQ	2023-08-09 11:27:53.303744+00
\.


--
-- Data for Name: menu_catagory; Type: TABLE DATA; Schema: public; Owner: admin
--

COPY public.menu_catagory (id, title) FROM stdin;
1	Appetizer
2	Dessert
3	Entree
4	Drink
5	Side Order
\.


--
-- Data for Name: menu_items; Type: TABLE DATA; Schema: public; Owner: admin
--

COPY public.menu_items (id, title, price, featured, category_id) FROM stdin;
366	Consomme printaniere royal	19.05	t	2
367	Chicken gumbo	1.40	t	1
368	Tomato aux croutons	5.54	f	5
369	Onion au gratin	1.57	t	1
370	St. Emilion	4.55	f	1
371	Radishes	17.58	t	2
372	Chicken soup with rice	6.01	t	5
373	Clam broth (cup)	8.20	f	4
374	Cream of new asparagus, croutons	24.10	t	3
375	Clear green turtle	16.08	t	2
376	Striped bass saute, meuniere	5.15	f	4
377	Anchovies	4.28	f	4
378	Fresh lobsters in every style	4.42	t	5
379	Celery	29.24	t	3
380	Pim-olas	7.82	t	4
381	Caviar	22.49	f	3
382	Sardines	6.27	t	5
383	India chutney	22.31	f	3
384	Pickles	7.80	f	4
385	English walnuts	15.11	f	2
386	Pate de foies-gras	4.13	f	5
387	Pomard	9.04	t	4
388	Brook trout, mountain style	6.88	f	1
389	Whitebait, sauce tartare	9.71	f	5
390	Clams	13.84	f	2
391	Oysters	7.06	t	5
392	Claremont planked shad	26.57	f	3
393	G. H. Mumm & Co's Extra Dry	3.09	f	1
394	Cerealine with Milk	6.25	f	1
395	Sliced Bananas	1.35	t	1
396	Wheat Vitos	5.51	f	1
397	Sliced Tomatoes	14.12	t	2
398	Russian Caviare on Toast	19.31	t	2
399	Smoked beef in cream	11.90	t	2
400	Apple Sauce	29.74	f	3
401	Potage a la Victoria	7.76	f	5
402	Breakfast	20.57	f	3
403	Strawberries	9.41	f	4
404	Preserved figs	6.00	t	5
405	BLUE POINTS	4.37	t	4
406	CONSOMME ANGLAISE	3.58	t	5
407	CREAM OF CAULIFLOWER	26.87	f	3
408	BROILED SHAD, A LA MAITRE D'HOTEL	7.47	t	5
409	SLICED CUCUMBERS	25.18	t	3
410	SALTED ALMONDS	3.90	t	4
411	POTATOES, JULIEN	17.48	f	2
412	Cracked Wheat	25.94	f	3
413	Malt Breakfast Food	21.99	t	3
414	BOILED BEEF TONGUE, ITALIAN SAUCE	26.55	f	3
415	Young Onions	15.26	t	2
416	Pears	2.26	f	1
417	ROAST SIRLOIN OF BEEF, YORKSHIRE PUDDING	17.01	t	2
418	Huhnerbruhe	25.66	t	3
419	ROAST EASTER LAMB, MINT SAUCE	7.08	f	4
420	Rockaways	25.77	t	3
421	Hafergrutze	4.86	f	1
422	BROWNED POTATOES	20.39	t	3
423	Pampelmuse	8.98	f	4
424	Apfelsinen	16.06	t	2
425	Ananas	7.11	t	5
426	Consomme printaniere royal	17.37	f	4
427	Chicken gumbo	22.13	f	3
428	Tomato aux croutons	4.99	t	4
429	Onion au gratin	26.97	f	3
430	St. Emilion	20.27	t	3
431	Radishes	19.74	f	2
432	Chicken soup with rice	8.33	f	4
433	Clam broth (cup)	16.97	f	2
434	Cream of new asparagus, croutons	25.03	t	3
435	Clear green turtle	17.44	f	4
436	Striped bass saute, meuniere	15.32	t	4
437	Anchovies	9.66	t	2
438	Fresh lobsters in every style	6.64	f	1
439	Celery	9.66	f	5
440	Pim-olas	9.20	f	4
441	Caviar	21.48	f	3
442	Sardines	23.90	t	3
443	India chutney	3.30	f	1
444	Pickles	17.68	t	2
445	English walnuts	19.41	f	2
446	Pate de foies-gras	17.64	f	5
447	Pomard	4.23	f	1
448	Brook trout, mountain style	18.77	t	2
449	Whitebait, sauce tartare	26.43	t	3
450	Clams	3.52	f	4
451	Oysters	28.53	f	3
452	Claremont planked shad	3.21	t	5
453	G. H. Mumm & Co's Extra Dry	3.82	t	1
454	Cerealine with Milk	19.78	f	5
455	Sliced Bananas	12.67	t	2
456	Wheat Vitos	12.37	t	4
457	Sliced Tomatoes	15.54	t	5
458	Russian Caviare on Toast	13.22	t	5
459	Smoked beef in cream	11.59	t	2
460	Apple Sauce	5.04	f	4
461	Potage a la Victoria	21.62	t	3
462	Breakfast	15.19	f	4
463	Strawberries	18.52	t	2
464	Preserved figs	12.22	f	2
465	BLUE POINTS	4.75	f	1
466	CONSOMME ANGLAISE	12.02	f	2
467	CREAM OF CAULIFLOWER	5.48	f	1
468	BROILED SHAD, A LA MAITRE D'HOTEL	14.83	f	2
469	SLICED CUCUMBERS	21.54	t	3
470	SALTED ALMONDS	8.99	t	2
471	POTATOES, JULIEN	3.09	f	1
472	Cracked Wheat	13.49	f	5
473	Malt Breakfast Food	3.59	f	5
474	BOILED BEEF TONGUE, ITALIAN SAUCE	26.65	f	3
475	Young Onions	20.52	f	3
476	Pears	19.35	t	5
701	Chocolate	24.56	t	3
477	ROAST SIRLOIN OF BEEF, YORKSHIRE PUDDING	26.58	t	3
478	Huhnerbruhe	4.11	t	1
479	ROAST EASTER LAMB, MINT SAUCE	12.39	t	5
480	Rockaways	20.08	t	3
481	Hafergrutze	4.01	t	4
482	BROWNED POTATOES	8.68	f	5
483	Pampelmuse	26.68	t	3
484	Apfelsinen	22.29	t	3
485	Ananas	18.01	f	2
486	Consomme printaniere royal	11.12	f	5
487	Chicken gumbo	8.00	t	2
488	Tomato aux croutons	11.28	f	2
489	Onion au gratin	2.88	t	1
490	St. Emilion	19.65	t	4
491	Radishes	15.42	f	5
492	Chicken soup with rice	8.88	t	2
493	Clam broth (cup)	11.87	f	4
494	Cream of new asparagus, croutons	25.16	t	3
495	Clear green turtle	7.71	f	4
496	Striped bass saute, meuniere	7.58	t	1
497	Anchovies	24.06	f	3
498	Fresh lobsters in every style	7.66	t	1
499	Celery	23.69	t	3
500	Pim-olas	25.17	t	3
501	Caviar	11.15	f	4
502	Sardines	3.55	f	1
503	India chutney	27.36	t	3
504	Pickles	20.46	t	3
505	English walnuts	2.92	t	1
506	Pate de foies-gras	12.56	t	2
507	Pomard	9.38	f	2
508	Brook trout, mountain style	21.67	f	3
509	Whitebait, sauce tartare	27.11	t	3
510	Clams	21.75	f	3
511	Oysters	3.26	f	5
512	Claremont planked shad	28.60	f	3
513	G. H. Mumm & Co's Extra Dry	9.91	t	5
514	Cerealine with Milk	18.71	t	5
515	Sliced Bananas	8.52	t	2
516	Wheat Vitos	11.88	f	2
517	Sliced Tomatoes	16.24	f	5
518	Russian Caviare on Toast	6.24	f	1
519	Smoked beef in cream	25.57	t	3
520	Apple Sauce	20.76	f	3
521	Potage a la Victoria	5.89	t	4
522	Breakfast	8.52	t	2
523	Strawberries	15.29	t	2
524	Preserved figs	7.95	f	1
525	BLUE POINTS	15.45	t	2
526	CONSOMME ANGLAISE	10.01	t	4
527	CREAM OF CAULIFLOWER	16.74	f	5
528	BROILED SHAD, A LA MAITRE D'HOTEL	3.12	f	1
529	SLICED CUCUMBERS	11.99	t	5
530	SALTED ALMONDS	18.95	f	4
531	POTATOES, JULIEN	14.45	t	4
532	Cracked Wheat	22.24	t	3
533	Malt Breakfast Food	18.79	f	2
534	BOILED BEEF TONGUE, ITALIAN SAUCE	7.89	t	1
535	Young Onions	11.09	t	4
536	Pears	1.39	t	1
537	ROAST SIRLOIN OF BEEF, YORKSHIRE PUDDING	17.87	f	2
538	Huhnerbruhe	19.39	t	2
539	ROAST EASTER LAMB, MINT SAUCE	14.47	t	2
540	Rockaways	17.13	f	4
541	Hafergrutze	19.62	f	5
542	BROWNED POTATOES	7.13	f	4
543	Pampelmuse	17.07	f	4
544	Apfelsinen	14.75	f	4
545	Ananas	8.45	f	4
546	Milchreis	29.54	t	3
547	Grape fruit	13.11	f	5
548	Oranges	6.53	f	1
549	Clam Fritters	19.92	t	5
550	Filet v. Schildkrote m. Truffeln	24.36	t	3
551	Bouillon, en Tasse	10.67	f	5
552	Spargel Suppe	11.23	f	5
553	Kraftsuppe, konigliche Art	18.05	t	5
554	Rissoles a la Merrill	19.09	f	5
555	S. Julien	11.18	f	4
556	Chambertin	14.15	t	5
557	St. Julien	18.02	t	4
558	Vegetable	3.86	f	1
559	Puree of split peas aux croutons	16.35	t	5
560	Consomme in cup	20.86	t	3
561	Broiled shad, Maitre d'hotel	11.08	t	2
562	Mashed potatoes	16.51	f	2
563	Breaded veal cutlet with peas	24.62	t	3
564	Hind-quarter of spring lamb with stuffed tomatoes	15.46	t	2
565	Hot or cold ribs of beef	4.67	f	1
566	Doucette salad	13.95	t	5
567	New beets	2.67	f	1
568	Salisbury steak au cresson	17.88	f	4
569	Boiled rice	5.60	t	5
570	Stewed oyster plant	26.18	f	3
571	Boiled onions, cream sauce	21.03	f	3
572	Old fashioned rice pudding	24.22	t	3
573	Ice cream	7.85	t	1
574	Coffee	11.49	f	4
575	Tea	7.81	t	5
576	Milk	11.87	f	2
577	Mush	22.51	f	3
578	Rolled Oats	24.81	f	3
579	Small Hominy	24.68	t	3
580	Broiled Mackerel	10.21	t	5
581	Kippered Herring	18.05	f	2
582	Strawberries with cream	3.70	t	1
583	Compote of fruits	8.97	t	2
584	Orange marmalade	22.74	f	3
585	Baked apples with cream	4.97	f	1
586	Bananas	19.67	t	2
587	Bananas with cream	9.31	f	2
588	Austern in der Schale	2.69	t	1
589	Stewed prunes	9.09	t	2
590	Fruit	13.20	t	2
591	Grapes	4.37	t	1
592	Honey in comb	3.60	f	5
593	Apples	27.65	t	3
594	Oranges sliced	8.73	f	4
595	Stewed tomatoes	6.11	f	5
596	Large pot of coffee	14.23	t	2
597	Cup of coffee (served in small pot)	22.65	t	3
598	Large pot of Oolong tea	8.92	t	4
599	Pot of chocolate	13.83	f	4
600	Pitcher of milk	8.46	f	5
601	Pot of broma	12.27	f	4
602	Suppe, Schlossherrin Art	24.40	t	3
603	Eggs, boiled [2]	13.40	f	4
604	Sliced Bananas and Cream	3.66	f	1
605	Baked Apples and Cream	24.52	t	3
606	Pettijohn Breakfast Food	10.50	f	5
607	Quaker Oats	8.48	f	2
608	Hotch potch von Ochsenschwanazen	11.30	f	2
609	Sugar Cured Ham	2.82	t	1
610	PINE APPLE FRITTERS, SAUCE MARASCHINO	15.80	t	4
611	Planked shad	2.99	f	1
612	Baked bluefish, Duxelle	23.50	t	3
613	Consomme aux Quenelle's	23.54	f	3
614	Milk rice	8.51	f	4
615	Mohren Suppe mit Sago	3.82	t	1
616	French rolls	4.62	t	1
617	Milk rolls	2.31	t	1
618	Corn muffins	22.60	t	3
619	Omelette aux fines herbes	26.09	t	3
620	Boiled eggs	7.12	f	1
621	Bacon and eggs	16.85	f	2
622	Fish cakes	5.02	f	4
623	Food	21.29	f	3
624	Shreaded Wheat	18.61	t	5
625	Clam cocktail	21.15	f	3
626	Oyster cocktail	13.80	t	5
627	Little Neck clams	9.42	t	2
628	Stuffed olives	19.35	f	4
629	Lalla Rookh	9.26	t	5
630	Malaga grapes	19.96	f	5
631	Martineaus	19.76	t	4
632	Oatmeal	11.46	f	5
633	hominy with milk	12.15	f	2
634	Baked apples	18.84	f	5
635	PATTIES OF SWEET BREADS, A LA TOULOUSE	2.48	t	1
636	Chicken broth, per cup	3.89	t	4
637	Terrapin, Maryland	4.99	t	1
638	Sardines on toast	9.30	f	2
639	English snipe	6.18	t	1
640	Charlotte Russe	6.08	f	5
641	Tutti frutti	18.01	t	2
642	Lady fingers	19.32	t	2
643	Marrow bones on toast	15.11	t	4
644	Fresh mushrooms on toast	2.67	t	1
645	Farm Sausage	3.12	f	1
646	Club sandwich	25.35	f	3
647	Baked Stuffed Mullet & Sauce Pomard	14.52	f	2
648	Thon marine	8.31	t	2
649	Croquettes of sweetbreads	6.16	t	4
650	Teal duck	4.18	t	5
651	Demi-tasse	29.13	f	3
652	Strawberry	16.06	f	2
653	Oyster Bay asparagus	17.55	t	5
654	SMALL TENDERLOIN STEAK, A LA STANLEY	16.19	t	2
655	Hoot Mon Mush	18.83	f	2
656	Apollinoris	5.34	f	1
657	Vve Cliquot	6.99	t	1
658	Chicken broth	12.00	f	5
659	Fruits in Season	18.36	f	5
660	Salt Codfish, Spanish Style	4.75	t	1
661	Oatmeal Porridge	18.70	t	5
662	Mashed Hominy	2.89	t	1
663	Plain Omelette	11.13	f	4
664	Canape, Martha	1.99	t	1
665	Puree of beans	15.96	f	5
666	Fried Flounders	9.57	t	5
667	Strawberry short cake	11.79	f	5
668	Fried smelts	15.58	f	5
669	Fried fish	6.63	t	4
670	Oxford Sausage	12.76	f	2
671	BUZZARD BAY OYSTERS	27.77	t	3
672	Strained gumbo	9.73	t	2
673	Bouillon in cup	13.43	f	2
674	Queen olives	26.36	t	3
675	Chow chow	7.19	t	4
676	Panfish, Meuniere	16.23	f	2
677	German fried potatoes	22.86	t	3
678	Ribs of prime beef	19.45	t	2
679	Calf's tongue, caper sauce	4.98	t	1
680	Luncheon	7.00	f	1
681	Assorted cakes	10.20	t	4
682	Scollops en caisse, Supreme	26.74	f	3
683	Irish stew	18.98	t	2
684	Marrow on toast, Bordelaise	18.49	f	4
685	Lobster salad	27.37	f	3
686	Potato salad	14.70	f	5
687	Chicken salad	25.66	t	3
688	Spinach with egg	9.72	t	2
689	Boiled potatoes	5.37	t	1
690	Baba au rhum	7.53	f	1
691	Hot buns	24.69	t	3
692	Tongue	11.52	f	2
693	Lemon ice cream	3.57	f	5
694	Pickled lambs' tongues	3.82	t	4
695	Blackberry tarts	3.53	f	4
696	Apricots	6.78	f	5
697	Red currant jam	24.91	t	3
698	Chipped beef	13.81	t	4
699	Turkey	5.39	f	1
700	Crackers	14.99	f	2
702	Roast beef	9.17	f	5
703	Corned beef	6.07	t	1
704	Boned capon	7.74	f	5
705	Lamb	13.07	t	4
706	Cumberland ham	9.59	t	5
707	Chicken	2.14	t	1
708	Fried Eggs	11.91	f	4
709	Broiled Ham	16.15	t	2
710	Roast veal	9.66	f	5
711	Rolls	12.80	t	5
712	Griddle cakes	11.16	f	5
713	Porterhouse Steak	14.70	f	5
714	Pommes de Terre a la Creme	24.31	f	3
715	Tenderloin Steak	16.46	f	4
716	Sirloin Steak	21.98	t	3
717	Filet mignon, Lyonnaise	15.69	f	4
718	All Kinds of Pies per cut	12.78	t	5
719	Sandwiches of all Kinds	11.67	f	4
720	Small Steak	19.67	f	2
721	Hamburger Steak	21.25	t	3
722	Veal Chops or Cutlets	29.75	f	3
723	Pork Chops	26.46	f	3
724	Ham & Eggs	5.70	f	5
725	Bacon & Eggs	17.00	f	4
726	Fried Liver	3.61	t	4
727	German Pancake	12.72	f	5
728	Oysters & Clams	16.88	f	2
729	Stewed	20.73	f	3
730	Box Stew	5.20	f	1
731	Hominy	27.89	f	3
732	Omelette a l'Oseille	20.12	f	3
733	Eggs au Beurre Noir	21.39	t	3
734	Smelts - Remoulade	7.28	t	4
735	Sirloin Steak with Mushrooms	14.42	f	4
736	Grilled Ham	16.00	f	4
737	Calves Liver & Bacon	7.27	t	1
738	Lamb Hash - en Bordure	13.89	t	2
739	Mutton Chops - Mashed Potatoes	22.76	t	3
740	Corn Cakes	14.79	t	4
741	Marmalade	8.59	t	2
742	Jam	22.47	t	3
743	Cocoa	17.98	t	4
744	Oat Meal	1.41	t	1
745	Scrambled Eggs	12.25	f	4
746	Poached Eggs on Toast	1.77	f	1
747	Broiled Fresh Mackerel	19.39	t	5
748	Chicken Liver with Bacon	28.07	f	3
749	Minced Veal a la Zingari	11.70	f	2
750	Lyonnaise Potatoes	22.06	f	3
751	Baked Weakfish	1.95	f	1
752	Half and Half Scallops & Oysters	4.46	t	4
753	Pork Chops Piquante Sauce	19.12	f	5
754	Broiled Kidney with Bacon	8.60	t	4
755	Dry Toast	26.67	f	3
756	Bunns	13.67	t	2
757	Graham Muffins	4.39	f	1
758	Hot Cakes	4.98	f	1
759	Tea and Coffee	18.98	t	4
760	Ponche de huevo, sambayon, frolada, con pan	17.52	f	5
761	Smelts Meuniere	28.62	t	3
762	Findon Haddock	5.06	t	1
763	Paysanne	10.94	f	4
764	Boiled Whiting and Parsley Sauce	24.28	f	3
765	Haricot Mutton	19.76	t	2
766	Sausages and Mashed Potatoes	4.58	f	4
767	Veal and Ham Pie	11.52	f	2
768	Roast Lamb	5.48	t	1
769	Fried Flounder	9.97	t	2
770	Grillirte Kuken	11.40	t	5
771	Fillet Steaks aux Champignon	11.67	t	5
772	oatmeal with cream	20.58	t	3
773	broiled shad	17.86	f	2
774	Milk stew	11.46	t	4
775	Boston Stew	10.67	t	4
776	Raw on the Half Shell	22.92	f	3
777	Beef Steak	6.52	t	1
778	Saratoga Chips	27.77	t	3
779	Grilled Mutton Chops	6.36	t	4
780	Dried Hash	28.48	f	3
781	Smelts	27.11	f	3
782	Tartare Sauce	18.99	t	2
783	Sausage	8.64	f	2
784	Porto-Rico	17.47	t	4
785	Buckwheat Cakes	4.55	f	1
786	Sliced Pineapples	20.20	t	3
787	Soles Normandy	2.54	f	1
788	Broiled Salt Mackerel	12.68	f	5
789	Shad roe and bacon	2.85	t	1
790	Tripe Fricassee	7.28	t	1
791	Minced scallops on toast	16.37	f	4
792	Steak Pie	29.64	t	3
793	Mutton	10.35	f	5
794	Boston Box Stew	13.11	f	5
795	Fry	7.81	t	1
796	Fry with Bacon	17.19	t	2
797	Oyster Omelette	19.50	t	5
798	Stewed Tripe	28.64	f	3
799	Pork Sausage	18.89	t	5
800	Corned Beef Hash	4.64	t	4
801	Broiled Mackerel, Butter Sauce	15.09	f	2
802	Mock Turtle	14.70	f	4
803	Consomme Benoiton	10.26	t	2
804	Puree of Tomatoes	6.83	t	1
805	Filet Steaks aux Champignon	15.81	f	5
806	Consomme Plain	9.63	f	2
807	Minced Chicken, Creamed Rice	7.14	f	5
808	Schmorbraten a la bourgeoise	13.73	f	5
809	Kartoffelmus	22.55	f	3
810	Tripe, Spanish Style	12.65	t	4
811	Consomme San Remo	8.49	t	4
812	Gebackene Kartoffeln	5.14	f	1
813	Calves’ Liver & Bacon	7.69	t	5
814	Eggs to order	3.02	f	1
815	Consomme Maceo	16.15	f	4
816	Puree Mongol	7.86	t	1
817	Broiled Rashers of Ham and Bacon	22.04	f	3
818	Consomme Printanier	23.17	t	3
819	Chicken Mulligatawny	20.69	t	3
820	Split Rolls	7.10	f	1
821	Blue Point Stew	2.73	f	1
822	French bread	4.77	t	5
823	Corn bread	19.10	t	5
824	Crumb Fry	13.67	f	4
825	English Beef	4.15	t	1
826	Beef Stew	8.57	t	2
827	Tomato Soup	16.32	t	2
828	Blue Point Fry	11.07	f	2
829	Filet of sole a la Horly	9.58	t	4
830	Diamond back terrapin	3.49	t	5
831	Fried Plaice - Meuniere	14.76	t	2
832	Sausage & Mashed Potatoes	22.11	t	3
833	Fried Jew Fish, Sauce Tartare	4.33	f	1
834	Fruit in Season	13.22	t	4
835	GREEN PEAS	16.96	f	5
836	Fried country sausage and buckwheat cakes	25.67	f	3
837	Stewed california prunes	14.78	f	4
838	Ham omelette	2.81	t	1
839	Fried hominy	18.45	t	2
840	Broiled bluefish	21.48	t	3
841	Egg, to order	4.33	f	4
842	Diamond stew	13.20	f	5
843	Boiled or Broiled Salt Mackerel	5.62	t	4
844	Whitefish	16.72	f	4
845	Shad, Maitre d'Hotel	17.67	t	2
846	Codfish in Cream	16.06	t	4
847	Fried Scollops	9.77	f	4
848	Breakfast Bacon	9.32	t	2
849	Calf's Liver and Bacon	9.67	t	2
850	Pork Spare Ribs	16.91	t	5
851	English Mutton Chops	15.79	f	5
852	Broiled Spring Chicken	19.17	t	5
853	Sirloin or Tenderloin Steak	23.66	f	3
854	Corned Beef Hash, Browned	13.39	f	2
855	Veal Cutlets, Breaded, Tomato Sauce	1.65	f	1
856	Stewed Honeycomb Tripe, Lyonnaise	22.97	f	3
857	Frizzled Beef, in Cream	20.88	t	3
858	Eggs as Ordered	18.98	t	2
859	Fried Indian Mush or Hominy	7.31	t	1
860	French Fried	4.97	t	4
861	Lyonnaise	19.25	f	5
862	Stewed in Cream	7.18	f	1
863	Saute	16.50	t	5
864	Rye, Graham or Boston Brown Bread	3.77	f	5
865	Shredded Wheat Biscuits	23.13	t	3
866	Vienna Rolls	16.43	t	2
867	Papovers	18.55	t	2
868	wheat or Buckwheat Cakes, with Maple Syrup	16.55	t	5
869	Corn Meal Mush	22.66	f	3
870	Boiled	13.89	t	4
871	Scotch grouse en casserole	16.21	t	2
872	Soup á l'écossaise	15.17	f	4
873	Broiled Blue Fish	4.35	t	1
874	Chicken Liver on Toast with Bacon	25.81	t	3
875	PUNCH, REPUBLICAN	11.76	t	2
876	Puff over	14.83	f	5
877	Passion Fruit	14.02	t	2
878	Kippered Herrings	4.92	t	4
879	Curried Pork and Rice	14.74	t	2
880	Stewed Tripe with Cream sauce	18.11	f	2
881	Eggs, boiled	28.28	f	3
882	Fillets of Beef with Mushrooms	10.80	t	4
883	Consomme Macaroni	29.29	t	3
884	Hard Boiled Egg	20.87	t	3
885	Cream Cheese	4.77	f	4
886	Broiled Mackerel - Maitre d'Hotel	6.13	f	5
887	Sirloin Steak -- Fried Onions	14.06	f	2
888	Devilled Chicken	11.17	t	2
889	Lamb Hash en Bordure	8.05	t	2
890	Shirred Eggs	18.14	t	5
891	Broiled Salmon Trout	1.40	f	1
892	Grilled Mutton Kidneys & Bacon	17.72	t	5
893	Apfel	4.21	f	5
894	Maisgries	7.13	t	1
895	Snowflakes	6.07	f	5
896	Gebratene Seezunge	24.91	t	3
897	Fried Halibut, Sauce Tartare	6.82	f	1
898	Yarmouth Bloaters	19.77	f	4
899	Fillet Steads with Mushrooms	5.77	t	4
900	Curried Prawns and Rice, Bombay Duck	3.38	t	4
901	Lamb Chops, Broiled Plain	6.23	t	1
902	Whiting - Meuniere	13.83	f	5
903	Broiled Rashers of Bacon with Fried Bananas	13.15	t	5
904	Sirloin Steak - Fried Onions	18.41	f	5
905	Lambs' Liver Saute	19.63	t	4
906	Tripe Fritters	3.05	f	1
907	Jambon Grille	4.07	f	5
908	Mutton Chops - Saute Potatoes	28.62	t	3
909	Calfs Liver + Bacon	5.77	t	1
910	Cold Smoked Tongue and Ham	20.73	t	3
911	Fried & Boiled Potatoes	5.41	t	4
912	Sirloin Steaks aux Cepes	13.10	t	4
913	Beefsteaks with Horseradish	12.07	t	4
914	Dry and buttered Toast	17.89	t	2
915	English Muffins	11.74	t	4
916	Salt Cod, Egg Sauce	2.23	t	1
917	Rice Cakes	9.07	t	5
918	Honey in the Comb	23.92	t	3
919	Ris de Veau aux Epinards	12.08	f	2
920	Quail on Toast	11.53	t	5
921	Broiled Green Bluefish, Drawn Butter	7.03	t	1
922	Roast Leg of Mutton & Black Currant	15.06	t	5
923	Frizzled Breakfast Bacon (to order)	11.35	f	2
924	French Fried Potatoes with Dinner Orders	3.63	t	4
925	Beefsteak and Onions	19.93	f	2
926	Roast (Vancouver) Suckling Pig & Bread Sauce	17.60	f	4
927	Saute of Kidney	7.76	t	1
928	Knuckle of Veal, Bacon & Parsely Sauce	20.90	t	3
929	Coffee, Tea or Cocoa	20.91	f	3
930	Scrambled Eggs and Bacon	7.37	f	5
931	liver and bacon	5.30	f	1
932	Fillet de Boeuf a la Parisienne	24.25	f	3
933	Fried Chicken a la Maryland	20.02	t	3
934	Fried sole	3.91	f	1
935	Salt mackerel	23.55	f	3
936	Bouchees aux Macaroni	8.71	t	4
937	Cold Ham with Potato Salad	5.07	f	1
938	mutton chops with potato chips	15.58	f	2
939	Pork Sausage and Lyonaisse Potatoes	10.33	f	4
940	Tenderloin of pork, Robert sauce	1.86	f	1
941	Roast Goose & Apple Sauce	15.81	t	4
942	Oyster Stew	5.40	f	5
943	Hot Breads	2.35	f	1
944	Pork Sausage and Lyonnaise Potatoes	5.81	t	1
945	Baked Apple Dumpling, Hard Sauce	7.52	t	1
946	Potato a la Maitre d'Hotel	7.32	f	5
947	Cracked Wheat with Fresh Milk	20.13	f	3
948	Boiled Cabbage	10.51	f	5
949	Strawberries and Cream	23.39	t	3
950	Chicken Liver with Mushrooms	11.90	f	2
951	Mashed Pumpkins	12.31	t	4
952	Roast in shell	10.87	t	2
953	Bread Pudding, Hard Sauce	9.84	t	4
954	Indo Curry & Rice	29.80	t	3
955	Steamed Apple Pudding & Hard Sauce	9.61	f	4
956	Rice or Tapioca Pudding	14.67	t	2
957	Fruit Pie	4.51	t	1
958	Chocolate Pudding with Cream	3.33	t	1
959	Scotch Sandwiches	4.11	t	4
960	Chocolate Cream & Sauce	27.83	f	3
961	Corn Starch Pudding with Cream	5.04	f	5
962	Swiss Rolls	11.54	t	5
963	Cold Ham	14.79	t	5
964	Cup Custard	6.09	f	1
965	Codfish Cakes	9.97	f	2
966	Jam and Marmalade	4.29	f	5
967	Lettuce	15.56	f	4
968	Cum-quats	16.99	f	4
969	Raisin and Pound Cake	19.22	f	5
970	Orange	6.86	t	1
971	Fillet Steak and Lamb Chops to Order	16.18	f	5
972	Calf's Liver Saute	22.26	t	3
973	Brazil Nuts	1.91	f	1
974	Almonds & Raisins	11.17	f	4
975	Cheshire Cheese	9.18	f	2
976	Stilton Cheese	10.78	f	4
977	Broiled Lambs Kidney	3.04	t	1
978	MacLaren Cheese	28.30	t	3
979	China & Indian Teas	7.74	f	5
980	Stewed Tripe Spanish	5.65	t	1
981	Eggs Bacon and Ham to Order	4.48	f	1
982	Breakfast Jem	14.67	f	2
983	Breakfast Rolls	13.45	f	2
984	Germea	18.45	f	4
985	Butter Cakes with Maple Syrup	21.15	f	3
\.


--
-- Data for Name: orders; Type: TABLE DATA; Schema: public; Owner: admin
--

COPY public.orders (id, status, total, date, price, delivery_crew_id, user_id) FROM stdin;
\.


--
-- Name: API_cart_id_seq; Type: SEQUENCE SET; Schema: public; Owner: admin
--

SELECT pg_catalog.setval('public."API_cart_id_seq"', 320, true);


--
-- Name: API_orderitem_id_seq; Type: SEQUENCE SET; Schema: public; Owner: admin
--

SELECT pg_catalog.setval('public."API_orderitem_id_seq"', 1, false);


--
-- Name: auth_group_id_seq; Type: SEQUENCE SET; Schema: public; Owner: admin
--

SELECT pg_catalog.setval('public.auth_group_id_seq', 2, true);


--
-- Name: auth_group_permissions_id_seq; Type: SEQUENCE SET; Schema: public; Owner: admin
--

SELECT pg_catalog.setval('public.auth_group_permissions_id_seq', 28, true);


--
-- Name: auth_permission_id_seq; Type: SEQUENCE SET; Schema: public; Owner: admin
--

SELECT pg_catalog.setval('public.auth_permission_id_seq', 52, true);


--
-- Name: auth_user_groups_id_seq; Type: SEQUENCE SET; Schema: public; Owner: admin
--

SELECT pg_catalog.setval('public.auth_user_groups_id_seq', 14, true);


--
-- Name: auth_user_id_seq; Type: SEQUENCE SET; Schema: public; Owner: admin
--

SELECT pg_catalog.setval('public.auth_user_id_seq', 847, true);


--
-- Name: auth_user_user_permissions_id_seq; Type: SEQUENCE SET; Schema: public; Owner: admin
--

SELECT pg_catalog.setval('public.auth_user_user_permissions_id_seq', 1, false);


--
-- Name: django_admin_log_id_seq; Type: SEQUENCE SET; Schema: public; Owner: admin
--

SELECT pg_catalog.setval('public.django_admin_log_id_seq', 22, true);


--
-- Name: django_content_type_id_seq; Type: SEQUENCE SET; Schema: public; Owner: admin
--

SELECT pg_catalog.setval('public.django_content_type_id_seq', 13, true);


--
-- Name: django_migrations_id_seq; Type: SEQUENCE SET; Schema: public; Owner: admin
--

SELECT pg_catalog.setval('public.django_migrations_id_seq', 23, true);


--
-- Name: menu_catagory_id_seq; Type: SEQUENCE SET; Schema: public; Owner: admin
--

SELECT pg_catalog.setval('public.menu_catagory_id_seq', 22, true);


--
-- Name: menu_items_id_seq; Type: SEQUENCE SET; Schema: public; Owner: admin
--

SELECT pg_catalog.setval('public.menu_items_id_seq', 986, true);


--
-- Name: orders_id_seq; Type: SEQUENCE SET; Schema: public; Owner: admin
--

SELECT pg_catalog.setval('public.orders_id_seq', 336, true);


--
-- Name: API_cart API_cart_menuitems_id_user_id_265c2b1c_uniq; Type: CONSTRAINT; Schema: public; Owner: admin
--

ALTER TABLE ONLY public."API_cart"
    ADD CONSTRAINT "API_cart_menuitems_id_user_id_265c2b1c_uniq" UNIQUE (menuitems_id, user_id);


--
-- Name: API_cart API_cart_pkey; Type: CONSTRAINT; Schema: public; Owner: admin
--

ALTER TABLE ONLY public."API_cart"
    ADD CONSTRAINT "API_cart_pkey" PRIMARY KEY (id);


--
-- Name: API_orderitem API_orderitem_pkey; Type: CONSTRAINT; Schema: public; Owner: admin
--

ALTER TABLE ONLY public."API_orderitem"
    ADD CONSTRAINT "API_orderitem_pkey" PRIMARY KEY (id);


--
-- Name: auth_group auth_group_name_key; Type: CONSTRAINT; Schema: public; Owner: admin
--

ALTER TABLE ONLY public.auth_group
    ADD CONSTRAINT auth_group_name_key UNIQUE (name);


--
-- Name: auth_group_permissions auth_group_permissions_group_id_permission_id_0cd325b0_uniq; Type: CONSTRAINT; Schema: public; Owner: admin
--

ALTER TABLE ONLY public.auth_group_permissions
    ADD CONSTRAINT auth_group_permissions_group_id_permission_id_0cd325b0_uniq UNIQUE (group_id, permission_id);


--
-- Name: auth_group_permissions auth_group_permissions_pkey; Type: CONSTRAINT; Schema: public; Owner: admin
--

ALTER TABLE ONLY public.auth_group_permissions
    ADD CONSTRAINT auth_group_permissions_pkey PRIMARY KEY (id);


--
-- Name: auth_group auth_group_pkey; Type: CONSTRAINT; Schema: public; Owner: admin
--

ALTER TABLE ONLY public.auth_group
    ADD CONSTRAINT auth_group_pkey PRIMARY KEY (id);


--
-- Name: auth_permission auth_permission_content_type_id_codename_01ab375a_uniq; Type: CONSTRAINT; Schema: public; Owner: admin
--

ALTER TABLE ONLY public.auth_permission
    ADD CONSTRAINT auth_permission_content_type_id_codename_01ab375a_uniq UNIQUE (content_type_id, codename);


--
-- Name: auth_permission auth_permission_pkey; Type: CONSTRAINT; Schema: public; Owner: admin
--

ALTER TABLE ONLY public.auth_permission
    ADD CONSTRAINT auth_permission_pkey PRIMARY KEY (id);


--
-- Name: auth_user_groups auth_user_groups_pkey; Type: CONSTRAINT; Schema: public; Owner: admin
--

ALTER TABLE ONLY public.auth_user_groups
    ADD CONSTRAINT auth_user_groups_pkey PRIMARY KEY (id);


--
-- Name: auth_user_groups auth_user_groups_user_id_group_id_94350c0c_uniq; Type: CONSTRAINT; Schema: public; Owner: admin
--

ALTER TABLE ONLY public.auth_user_groups
    ADD CONSTRAINT auth_user_groups_user_id_group_id_94350c0c_uniq UNIQUE (user_id, group_id);


--
-- Name: auth_user auth_user_pkey; Type: CONSTRAINT; Schema: public; Owner: admin
--

ALTER TABLE ONLY public.auth_user
    ADD CONSTRAINT auth_user_pkey PRIMARY KEY (id);


--
-- Name: auth_user_user_permissions auth_user_user_permissions_pkey; Type: CONSTRAINT; Schema: public; Owner: admin
--

ALTER TABLE ONLY public.auth_user_user_permissions
    ADD CONSTRAINT auth_user_user_permissions_pkey PRIMARY KEY (id);


--
-- Name: auth_user_user_permissions auth_user_user_permissions_user_id_permission_id_14a6b632_uniq; Type: CONSTRAINT; Schema: public; Owner: admin
--

ALTER TABLE ONLY public.auth_user_user_permissions
    ADD CONSTRAINT auth_user_user_permissions_user_id_permission_id_14a6b632_uniq UNIQUE (user_id, permission_id);


--
-- Name: auth_user auth_user_username_key; Type: CONSTRAINT; Schema: public; Owner: admin
--

ALTER TABLE ONLY public.auth_user
    ADD CONSTRAINT auth_user_username_key UNIQUE (username);


--
-- Name: authtoken_token authtoken_token_pkey; Type: CONSTRAINT; Schema: public; Owner: admin
--

ALTER TABLE ONLY public.authtoken_token
    ADD CONSTRAINT authtoken_token_pkey PRIMARY KEY (key);


--
-- Name: authtoken_token authtoken_token_user_id_key; Type: CONSTRAINT; Schema: public; Owner: admin
--

ALTER TABLE ONLY public.authtoken_token
    ADD CONSTRAINT authtoken_token_user_id_key UNIQUE (user_id);


--
-- Name: django_admin_log django_admin_log_pkey; Type: CONSTRAINT; Schema: public; Owner: admin
--

ALTER TABLE ONLY public.django_admin_log
    ADD CONSTRAINT django_admin_log_pkey PRIMARY KEY (id);


--
-- Name: django_content_type django_content_type_app_label_model_76bd3d3b_uniq; Type: CONSTRAINT; Schema: public; Owner: admin
--

ALTER TABLE ONLY public.django_content_type
    ADD CONSTRAINT django_content_type_app_label_model_76bd3d3b_uniq UNIQUE (app_label, model);


--
-- Name: django_content_type django_content_type_pkey; Type: CONSTRAINT; Schema: public; Owner: admin
--

ALTER TABLE ONLY public.django_content_type
    ADD CONSTRAINT django_content_type_pkey PRIMARY KEY (id);


--
-- Name: django_migrations django_migrations_pkey; Type: CONSTRAINT; Schema: public; Owner: admin
--

ALTER TABLE ONLY public.django_migrations
    ADD CONSTRAINT django_migrations_pkey PRIMARY KEY (id);


--
-- Name: django_session django_session_pkey; Type: CONSTRAINT; Schema: public; Owner: admin
--

ALTER TABLE ONLY public.django_session
    ADD CONSTRAINT django_session_pkey PRIMARY KEY (session_key);


--
-- Name: menu_catagory menu_catagory_pkey; Type: CONSTRAINT; Schema: public; Owner: admin
--

ALTER TABLE ONLY public.menu_catagory
    ADD CONSTRAINT menu_catagory_pkey PRIMARY KEY (id);


--
-- Name: menu_items menu_items_pkey; Type: CONSTRAINT; Schema: public; Owner: admin
--

ALTER TABLE ONLY public.menu_items
    ADD CONSTRAINT menu_items_pkey PRIMARY KEY (id);


--
-- Name: orders orders_pkey; Type: CONSTRAINT; Schema: public; Owner: admin
--

ALTER TABLE ONLY public.orders
    ADD CONSTRAINT orders_pkey PRIMARY KEY (id);


--
-- Name: API_cart_menuitems_id_3a68e8ea; Type: INDEX; Schema: public; Owner: admin
--

CREATE INDEX "API_cart_menuitems_id_3a68e8ea" ON public."API_cart" USING btree (menuitems_id);


--
-- Name: API_cart_user_id_b7f02d41; Type: INDEX; Schema: public; Owner: admin
--

CREATE INDEX "API_cart_user_id_b7f02d41" ON public."API_cart" USING btree (user_id);


--
-- Name: API_orderitem_menuitem_id_22eb3b86; Type: INDEX; Schema: public; Owner: admin
--

CREATE INDEX "API_orderitem_menuitem_id_22eb3b86" ON public."API_orderitem" USING btree (menuitem_id);


--
-- Name: API_orderitem_order_id_5e08da95; Type: INDEX; Schema: public; Owner: admin
--

CREATE INDEX "API_orderitem_order_id_5e08da95" ON public."API_orderitem" USING btree (order_id);


--
-- Name: auth_group_name_a6ea08ec_like; Type: INDEX; Schema: public; Owner: admin
--

CREATE INDEX auth_group_name_a6ea08ec_like ON public.auth_group USING btree (name varchar_pattern_ops);


--
-- Name: auth_group_permissions_group_id_b120cbf9; Type: INDEX; Schema: public; Owner: admin
--

CREATE INDEX auth_group_permissions_group_id_b120cbf9 ON public.auth_group_permissions USING btree (group_id);


--
-- Name: auth_group_permissions_permission_id_84c5c92e; Type: INDEX; Schema: public; Owner: admin
--

CREATE INDEX auth_group_permissions_permission_id_84c5c92e ON public.auth_group_permissions USING btree (permission_id);


--
-- Name: auth_permission_content_type_id_2f476e4b; Type: INDEX; Schema: public; Owner: admin
--

CREATE INDEX auth_permission_content_type_id_2f476e4b ON public.auth_permission USING btree (content_type_id);


--
-- Name: auth_user_groups_group_id_97559544; Type: INDEX; Schema: public; Owner: admin
--

CREATE INDEX auth_user_groups_group_id_97559544 ON public.auth_user_groups USING btree (group_id);


--
-- Name: auth_user_groups_user_id_6a12ed8b; Type: INDEX; Schema: public; Owner: admin
--

CREATE INDEX auth_user_groups_user_id_6a12ed8b ON public.auth_user_groups USING btree (user_id);


--
-- Name: auth_user_user_permissions_permission_id_1fbb5f2c; Type: INDEX; Schema: public; Owner: admin
--

CREATE INDEX auth_user_user_permissions_permission_id_1fbb5f2c ON public.auth_user_user_permissions USING btree (permission_id);


--
-- Name: auth_user_user_permissions_user_id_a95ead1b; Type: INDEX; Schema: public; Owner: admin
--

CREATE INDEX auth_user_user_permissions_user_id_a95ead1b ON public.auth_user_user_permissions USING btree (user_id);


--
-- Name: auth_user_username_6821ab7c_like; Type: INDEX; Schema: public; Owner: admin
--

CREATE INDEX auth_user_username_6821ab7c_like ON public.auth_user USING btree (username varchar_pattern_ops);


--
-- Name: authtoken_token_key_10f0b77e_like; Type: INDEX; Schema: public; Owner: admin
--

CREATE INDEX authtoken_token_key_10f0b77e_like ON public.authtoken_token USING btree (key varchar_pattern_ops);


--
-- Name: django_admin_log_content_type_id_c4bce8eb; Type: INDEX; Schema: public; Owner: admin
--

CREATE INDEX django_admin_log_content_type_id_c4bce8eb ON public.django_admin_log USING btree (content_type_id);


--
-- Name: django_admin_log_user_id_c564eba6; Type: INDEX; Schema: public; Owner: admin
--

CREATE INDEX django_admin_log_user_id_c564eba6 ON public.django_admin_log USING btree (user_id);


--
-- Name: django_session_expire_date_a5c62663; Type: INDEX; Schema: public; Owner: admin
--

CREATE INDEX django_session_expire_date_a5c62663 ON public.django_session USING btree (expire_date);


--
-- Name: django_session_session_key_c0390e0f_like; Type: INDEX; Schema: public; Owner: admin
--

CREATE INDEX django_session_session_key_c0390e0f_like ON public.django_session USING btree (session_key varchar_pattern_ops);


--
-- Name: menu_catagory_title_218e026f; Type: INDEX; Schema: public; Owner: admin
--

CREATE INDEX menu_catagory_title_218e026f ON public.menu_catagory USING btree (title);


--
-- Name: menu_catagory_title_218e026f_like; Type: INDEX; Schema: public; Owner: admin
--

CREATE INDEX menu_catagory_title_218e026f_like ON public.menu_catagory USING btree (title varchar_pattern_ops);


--
-- Name: menu_items_category_id_5066f1ed; Type: INDEX; Schema: public; Owner: admin
--

CREATE INDEX menu_items_category_id_5066f1ed ON public.menu_items USING btree (category_id);


--
-- Name: menu_items_featured_cb943a36; Type: INDEX; Schema: public; Owner: admin
--

CREATE INDEX menu_items_featured_cb943a36 ON public.menu_items USING btree (featured);


--
-- Name: menu_items_price_91a4463c; Type: INDEX; Schema: public; Owner: admin
--

CREATE INDEX menu_items_price_91a4463c ON public.menu_items USING btree (price);


--
-- Name: menu_items_title_f8683c0f; Type: INDEX; Schema: public; Owner: admin
--

CREATE INDEX menu_items_title_f8683c0f ON public.menu_items USING btree (title);


--
-- Name: menu_items_title_f8683c0f_like; Type: INDEX; Schema: public; Owner: admin
--

CREATE INDEX menu_items_title_f8683c0f_like ON public.menu_items USING btree (title varchar_pattern_ops);


--
-- Name: orders_date_b66f96bb; Type: INDEX; Schema: public; Owner: admin
--

CREATE INDEX orders_date_b66f96bb ON public.orders USING btree (date);


--
-- Name: orders_delivery_crew_id_d57ad378; Type: INDEX; Schema: public; Owner: admin
--

CREATE INDEX orders_delivery_crew_id_d57ad378 ON public.orders USING btree (delivery_crew_id);


--
-- Name: orders_status_17b834eb; Type: INDEX; Schema: public; Owner: admin
--

CREATE INDEX orders_status_17b834eb ON public.orders USING btree (status);


--
-- Name: orders_user_id_7e2523fb; Type: INDEX; Schema: public; Owner: admin
--

CREATE INDEX orders_user_id_7e2523fb ON public.orders USING btree (user_id);


--
-- Name: API_cart API_cart_menuitems_id_3a68e8ea_fk_menu_items_id; Type: FK CONSTRAINT; Schema: public; Owner: admin
--

ALTER TABLE ONLY public."API_cart"
    ADD CONSTRAINT "API_cart_menuitems_id_3a68e8ea_fk_menu_items_id" FOREIGN KEY (menuitems_id) REFERENCES public.menu_items(id) DEFERRABLE INITIALLY DEFERRED;


--
-- Name: API_cart API_cart_user_id_b7f02d41_fk_auth_user_id; Type: FK CONSTRAINT; Schema: public; Owner: admin
--

ALTER TABLE ONLY public."API_cart"
    ADD CONSTRAINT "API_cart_user_id_b7f02d41_fk_auth_user_id" FOREIGN KEY (user_id) REFERENCES public.auth_user(id) DEFERRABLE INITIALLY DEFERRED;


--
-- Name: API_orderitem API_orderitem_menuitem_id_22eb3b86_fk_menu_items_id; Type: FK CONSTRAINT; Schema: public; Owner: admin
--

ALTER TABLE ONLY public."API_orderitem"
    ADD CONSTRAINT "API_orderitem_menuitem_id_22eb3b86_fk_menu_items_id" FOREIGN KEY (menuitem_id) REFERENCES public.menu_items(id) DEFERRABLE INITIALLY DEFERRED;


--
-- Name: API_orderitem API_orderitem_order_id_5e08da95_fk_auth_user_id; Type: FK CONSTRAINT; Schema: public; Owner: admin
--

ALTER TABLE ONLY public."API_orderitem"
    ADD CONSTRAINT "API_orderitem_order_id_5e08da95_fk_auth_user_id" FOREIGN KEY (order_id) REFERENCES public.auth_user(id) DEFERRABLE INITIALLY DEFERRED;


--
-- Name: auth_group_permissions auth_group_permissio_permission_id_84c5c92e_fk_auth_perm; Type: FK CONSTRAINT; Schema: public; Owner: admin
--

ALTER TABLE ONLY public.auth_group_permissions
    ADD CONSTRAINT auth_group_permissio_permission_id_84c5c92e_fk_auth_perm FOREIGN KEY (permission_id) REFERENCES public.auth_permission(id) DEFERRABLE INITIALLY DEFERRED;


--
-- Name: auth_group_permissions auth_group_permissions_group_id_b120cbf9_fk_auth_group_id; Type: FK CONSTRAINT; Schema: public; Owner: admin
--

ALTER TABLE ONLY public.auth_group_permissions
    ADD CONSTRAINT auth_group_permissions_group_id_b120cbf9_fk_auth_group_id FOREIGN KEY (group_id) REFERENCES public.auth_group(id) DEFERRABLE INITIALLY DEFERRED;


--
-- Name: auth_permission auth_permission_content_type_id_2f476e4b_fk_django_co; Type: FK CONSTRAINT; Schema: public; Owner: admin
--

ALTER TABLE ONLY public.auth_permission
    ADD CONSTRAINT auth_permission_content_type_id_2f476e4b_fk_django_co FOREIGN KEY (content_type_id) REFERENCES public.django_content_type(id) DEFERRABLE INITIALLY DEFERRED;


--
-- Name: auth_user_groups auth_user_groups_group_id_97559544_fk_auth_group_id; Type: FK CONSTRAINT; Schema: public; Owner: admin
--

ALTER TABLE ONLY public.auth_user_groups
    ADD CONSTRAINT auth_user_groups_group_id_97559544_fk_auth_group_id FOREIGN KEY (group_id) REFERENCES public.auth_group(id) DEFERRABLE INITIALLY DEFERRED;


--
-- Name: auth_user_groups auth_user_groups_user_id_6a12ed8b_fk_auth_user_id; Type: FK CONSTRAINT; Schema: public; Owner: admin
--

ALTER TABLE ONLY public.auth_user_groups
    ADD CONSTRAINT auth_user_groups_user_id_6a12ed8b_fk_auth_user_id FOREIGN KEY (user_id) REFERENCES public.auth_user(id) DEFERRABLE INITIALLY DEFERRED;


--
-- Name: auth_user_user_permissions auth_user_user_permi_permission_id_1fbb5f2c_fk_auth_perm; Type: FK CONSTRAINT; Schema: public; Owner: admin
--

ALTER TABLE ONLY public.auth_user_user_permissions
    ADD CONSTRAINT auth_user_user_permi_permission_id_1fbb5f2c_fk_auth_perm FOREIGN KEY (permission_id) REFERENCES public.auth_permission(id) DEFERRABLE INITIALLY DEFERRED;


--
-- Name: auth_user_user_permissions auth_user_user_permissions_user_id_a95ead1b_fk_auth_user_id; Type: FK CONSTRAINT; Schema: public; Owner: admin
--

ALTER TABLE ONLY public.auth_user_user_permissions
    ADD CONSTRAINT auth_user_user_permissions_user_id_a95ead1b_fk_auth_user_id FOREIGN KEY (user_id) REFERENCES public.auth_user(id) DEFERRABLE INITIALLY DEFERRED;


--
-- Name: authtoken_token authtoken_token_user_id_35299eff_fk_auth_user_id; Type: FK CONSTRAINT; Schema: public; Owner: admin
--

ALTER TABLE ONLY public.authtoken_token
    ADD CONSTRAINT authtoken_token_user_id_35299eff_fk_auth_user_id FOREIGN KEY (user_id) REFERENCES public.auth_user(id) DEFERRABLE INITIALLY DEFERRED;


--
-- Name: django_admin_log django_admin_log_content_type_id_c4bce8eb_fk_django_co; Type: FK CONSTRAINT; Schema: public; Owner: admin
--

ALTER TABLE ONLY public.django_admin_log
    ADD CONSTRAINT django_admin_log_content_type_id_c4bce8eb_fk_django_co FOREIGN KEY (content_type_id) REFERENCES public.django_content_type(id) DEFERRABLE INITIALLY DEFERRED;


--
-- Name: django_admin_log django_admin_log_user_id_c564eba6_fk_auth_user_id; Type: FK CONSTRAINT; Schema: public; Owner: admin
--

ALTER TABLE ONLY public.django_admin_log
    ADD CONSTRAINT django_admin_log_user_id_c564eba6_fk_auth_user_id FOREIGN KEY (user_id) REFERENCES public.auth_user(id) DEFERRABLE INITIALLY DEFERRED;


--
-- Name: menu_items menu_items_category_id_5066f1ed_fk_menu_catagory_id; Type: FK CONSTRAINT; Schema: public; Owner: admin
--

ALTER TABLE ONLY public.menu_items
    ADD CONSTRAINT menu_items_category_id_5066f1ed_fk_menu_catagory_id FOREIGN KEY (category_id) REFERENCES public.menu_catagory(id) DEFERRABLE INITIALLY DEFERRED;


--
-- Name: orders orders_delivery_crew_id_d57ad378_fk_auth_user_id; Type: FK CONSTRAINT; Schema: public; Owner: admin
--

ALTER TABLE ONLY public.orders
    ADD CONSTRAINT orders_delivery_crew_id_d57ad378_fk_auth_user_id FOREIGN KEY (delivery_crew_id) REFERENCES public.auth_user(id) DEFERRABLE INITIALLY DEFERRED;


--
-- Name: orders orders_user_id_7e2523fb_fk_auth_user_id; Type: FK CONSTRAINT; Schema: public; Owner: admin
--

ALTER TABLE ONLY public.orders
    ADD CONSTRAINT orders_user_id_7e2523fb_fk_auth_user_id FOREIGN KEY (user_id) REFERENCES public.auth_user(id) DEFERRABLE INITIALLY DEFERRED;


--
-- PostgreSQL database dump complete
--

--
-- Database "postgres" dump
--

\connect postgres

--
-- PostgreSQL database dump
--

-- Dumped from database version 15.3 (Debian 15.3-1.pgdg120+1)
-- Dumped by pg_dump version 15.3 (Debian 15.3-1.pgdg120+1)

SET statement_timeout = 0;
SET lock_timeout = 0;
SET idle_in_transaction_session_timeout = 0;
SET client_encoding = 'UTF8';
SET standard_conforming_strings = on;
SELECT pg_catalog.set_config('search_path', '', false);
SET check_function_bodies = false;
SET xmloption = content;
SET client_min_messages = warning;
SET row_security = off;

--
-- PostgreSQL database dump complete
--

--
-- PostgreSQL database cluster dump complete
--

